branch,head,coupling_layer,target_coord,mean_entropy
shift,1,0,3,1.239046335220337
shift,1,0,4,0.4042031168937683
shift,1,0,5,0.17408981919288635
shift,1,0,7,1.1363009214401245
shift,1,0,8,0.5660860538482666
shift,1,0,11,0.629124641418457
shift,1,0,12,0.9467936158180237
shift,1,0,14,0.054399359971284866
shift,1,0,16,0.13537411391735077
shift,1,0,17,0.03724156320095062
shift,1,0,19,1.6377570629119873
shift,1,0,20,0.8495093584060669
shift,1,0,21,2.0419137477874756
shift,1,0,22,1.1436607837677002
shift,1,0,23,2.004619836807251
shift,1,0,27,1.1481693983078003
shift,1,0,28,0.7404237985610962
shift,1,0,29,1.031507134437561
shift,1,0,32,0.9848139882087708
shift,1,0,33,0.3085553050041199
shift,1,0,34,0.7973557114601135
shift,1,0,36,0.500874936580658
shift,1,0,45,0.151991069316864
shift,1,0,46,0.2928159832954407
shift,1,1,0,0.011408809572458267
shift,1,1,1,0.020033588632941246
shift,1,1,2,0.00424874946475029
shift,1,1,6,0.02829231321811676
shift,1,1,9,0.025140423327684402
shift,1,1,10,0.9790664315223694
shift,1,1,13,0.3040902018547058
shift,1,1,15,0.9958634376525879
shift,1,1,18,0.05446941405534744
shift,1,1,24,0.43694794178009033
shift,1,1,25,0.004810268525034189
shift,1,1,26,0.09367785602807999
shift,1,1,30,0.013470316305756569
shift,1,1,31,0.005061076954007149
shift,1,1,35,0.02889775112271309
shift,1,1,37,0.4617306590080261
shift,1,1,38,0.7050397396087646
shift,1,1,39,1.3483843803405762
shift,1,1,40,0.007004117127507925
shift,1,1,41,0.5544025897979736
shift,1,1,42,0.551393449306488
shift,1,1,43,0.28895100951194763
shift,1,1,44,1.2455220222473145
shift,1,2,0,1.6641860008239746
shift,1,2,1,2.1378490924835205
shift,1,2,2,1.4864625930786133
shift,1,2,3,0.7298622727394104
shift,1,2,4,2.7871460914611816
shift,1,2,5,2.605813980102539
shift,1,2,6,2.507291793823242
shift,1,2,10,1.834352970123291
shift,1,2,12,1.1965208053588867
shift,1,2,14,2.186422824859619
shift,1,2,15,2.093061685562134
shift,1,2,17,1.9992097616195679
shift,1,2,19,2.434333086013794
shift,1,2,21,2.3495821952819824
shift,1,2,23,2.1843678951263428
shift,1,2,26,1.5633289813995361
shift,1,2,30,1.5699584484100342
shift,1,2,31,1.0293951034545898
shift,1,2,33,2.6036179065704346
shift,1,2,34,2.680528163909912
shift,1,2,35,2.4640185832977295
shift,1,2,36,1.4001177549362183
shift,1,2,38,2.7969276905059814
shift,1,2,46,0.20131853222846985
shift,1,3,7,2.12650728225708
shift,1,3,8,1.7744419574737549
shift,1,3,9,1.8937480449676514
shift,1,3,11,1.4364013671875
shift,1,3,13,2.447171211242676
shift,1,3,16,2.1816141605377197
shift,1,3,18,1.6316242218017578
shift,1,3,20,1.8563212156295776
shift,1,3,22,0.6595736145973206
shift,1,3,24,0.48239001631736755
shift,1,3,25,1.962958574295044
shift,1,3,27,1.4297856092453003
shift,1,3,28,1.7272509336471558
shift,1,3,29,1.7148288488388062
shift,1,3,32,1.8470262289047241
shift,1,3,37,1.7442184686660767
shift,1,3,39,2.155158281326294
shift,1,3,40,1.7122045755386353
shift,1,3,41,2.5033764839172363
shift,1,3,42,2.261146068572998
shift,1,3,43,1.6805413961410522
shift,1,3,44,0.957118034362793
shift,1,3,45,2.1788265705108643
shift,1,4,1,2.552316427230835
shift,1,4,2,2.9061646461486816
shift,1,4,4,2.6764817237854004
shift,1,4,7,2.011265754699707
shift,1,4,8,2.6265618801116943
shift,1,4,9,2.427090644836426
shift,1,4,10,2.256401538848877
shift,1,4,11,2.4690141677856445
shift,1,4,13,0.7086653113365173
shift,1,4,14,2.0706913471221924
shift,1,4,16,1.8694010972976685
shift,1,4,18,1.7100073099136353
shift,1,4,21,1.7302018404006958
shift,1,4,23,1.8067489862442017
shift,1,4,25,2.544660806655884
shift,1,4,28,2.4807188510894775
shift,1,4,30,2.3620922565460205
shift,1,4,33,1.2396289110183716
shift,1,4,36,1.5664602518081665
shift,1,4,37,1.3332700729370117
shift,1,4,38,1.566392421722412
shift,1,4,39,1.920462727546692
shift,1,4,40,1.1943916082382202
shift,1,4,45,1.7790346145629883
shift,1,5,0,1.4361064434051514
shift,1,5,3,2.944875955581665
shift,1,5,5,2.906263589859009
shift,1,5,6,2.8619227409362793
shift,1,5,12,2.9198246002197266
shift,1,5,15,2.85341739654541
shift,1,5,17,2.7723300457000732
shift,1,5,19,2.0909931659698486
shift,1,5,20,0.9015875458717346
shift,1,5,22,1.7775346040725708
shift,1,5,24,0.8873534202575684
shift,1,5,26,2.838705062866211
shift,1,5,27,2.4628939628601074
shift,1,5,29,2.8013265132904053
shift,1,5,31,2.9290428161621094
shift,1,5,32,2.5093533992767334
shift,1,5,34,1.1571308374404907
shift,1,5,35,2.749549627304077
shift,1,5,41,0.0400119423866272
shift,1,5,42,0.00535978889092803
shift,1,5,43,0.27507635951042175
shift,1,5,44,0.06714482605457306
shift,1,5,46,0.28324687480926514
shift,1,6,0,1.1448678970336914
shift,1,6,2,0.7648087739944458
shift,1,6,4,1.4902863502502441
shift,1,6,5,1.6662206649780273
shift,1,6,6,0.9905534386634827
shift,1,6,8,2.464538097381592
shift,1,6,9,2.216135263442993
shift,1,6,10,2.304079532623291
shift,1,6,11,2.296816110610962
shift,1,6,12,2.499826192855835
shift,1,6,14,2.2943193912506104
shift,1,6,18,2.335700750350952
shift,1,6,19,2.0372719764709473
shift,1,6,21,2.044513463973999
shift,1,6,22,1.82086980342865
shift,1,6,23,2.0903725624084473
shift,1,6,24,1.416265845298767
shift,1,6,26,1.9788247346878052
shift,1,6,32,2.519765853881836
shift,1,6,34,2.2826170921325684
shift,1,6,35,1.6978087425231934
shift,1,6,38,1.679682970046997
shift,1,6,45,2.2642464637756348
shift,1,6,46,1.0699608325958252
shift,1,7,1,2.8539819717407227
shift,1,7,3,1.1811575889587402
shift,1,7,7,1.6183173656463623
shift,1,7,13,1.4017144441604614
shift,1,7,15,0.7659059762954712
shift,1,7,16,0.6226508617401123
shift,1,7,17,1.1924177408218384
shift,1,7,20,1.496216058731079
shift,1,7,25,1.3827106952667236
shift,1,7,27,1.5924968719482422
shift,1,7,28,0.3994959592819214
shift,1,7,29,0.9228982925415039
shift,1,7,30,0.6033400297164917
shift,1,7,31,1.5521345138549805
shift,1,7,33,2.287614345550537
shift,1,7,36,2.4992830753326416
shift,1,7,37,1.4772192239761353
shift,1,7,39,1.5766979455947876
shift,1,7,40,1.0334123373031616
shift,1,7,41,0.3073582053184509
shift,1,7,42,1.7474104166030884
shift,1,7,43,0.4799061417579651
shift,1,7,44,1.2204948663711548
shift,2,0,3,2.1283702850341797
shift,2,0,4,0.29663732647895813
shift,2,0,5,1.215918779373169
shift,2,0,7,0.14492084085941315
shift,2,0,8,0.011837232857942581
shift,2,0,11,0.012336901389062405
shift,2,0,12,0.18516266345977783
shift,2,0,14,2.367791175842285
shift,2,0,16,1.5264546871185303
shift,2,0,17,2.094356060028076
shift,2,0,19,0.022913139313459396
shift,2,0,20,0.05077534541487694
shift,2,0,21,0.18711507320404053
shift,2,0,22,0.22942523658275604
shift,2,0,23,0.1934863030910492
shift,2,0,27,0.7004894614219666
shift,2,0,28,1.1800117492675781
shift,2,0,29,0.8037636876106262
shift,2,0,32,0.4519157409667969
shift,2,0,33,2.9574570655822754
shift,2,0,34,0.8088094592094421
shift,2,0,36,0.6198186278343201
shift,2,0,45,0.1974060982465744
shift,2,0,46,0.4681895673274994
shift,2,1,0,0.0042220791801810265
shift,2,1,1,0.07299930602312088
shift,2,1,2,0.24767068028450012
shift,2,1,6,0.8575107455253601
shift,2,1,9,0.9414726495742798
shift,2,1,10,1.1123813390731812
shift,2,1,13,1.4485007524490356
shift,2,1,15,1.3293108940124512
shift,2,1,18,0.4169250428676605
shift,2,1,24,1.3221880197525024
shift,2,1,25,0.1550493687391281
shift,2,1,26,0.9344997406005859
shift,2,1,30,0.7582852840423584
shift,2,1,31,0.9485110640525818
shift,2,1,35,1.077107310295105
shift,2,1,37,2.543455123901367
shift,2,1,38,2.0731446743011475
shift,2,1,39,1.2151957750320435
shift,2,1,40,0.7486658692359924
shift,2,1,41,0.23193784058094025
shift,2,1,42,2.6321523189544678
shift,2,1,43,2.407309055328369
shift,2,1,44,1.7272459268569946
shift,2,2,0,2.8514413833618164
shift,2,2,1,0.14343379437923431
shift,2,2,2,1.1399903297424316
shift,2,2,3,0.32215291261672974
shift,2,2,4,0.23858244717121124
shift,2,2,5,0.07191015779972076
shift,2,2,6,0.43094897270202637
shift,2,2,10,2.2336087226867676
shift,2,2,12,2.2198312282562256
shift,2,2,14,1.988801121711731
shift,2,2,15,2.2706995010375977
shift,2,2,17,2.371769666671753
shift,2,2,19,2.079411506652832
shift,2,2,21,2.194998025894165
shift,2,2,23,1.327636480331421
shift,2,2,26,2.5005276203155518
shift,2,2,30,2.3216640949249268
shift,2,2,31,2.160437822341919
shift,2,2,33,2.127913475036621
shift,2,2,34,2.5218923091888428
shift,2,2,35,2.662670612335205
shift,2,2,36,0.006144172511994839
shift,2,2,38,2.039757251739502
shift,2,2,46,2.223052501678467
shift,2,3,7,2.2242543697357178
shift,2,3,8,2.014636278152466
shift,2,3,9,1.771944284439087
shift,2,3,11,1.6493672132492065
shift,2,3,13,1.8310905694961548
shift,2,3,16,2.1922340393066406
shift,2,3,18,1.913697361946106
shift,2,3,20,1.6879647970199585
shift,2,3,22,1.0245014429092407
shift,2,3,24,0.6692532896995544
shift,2,3,25,2.3987255096435547
shift,2,3,27,2.4249095916748047
shift,2,3,28,0.6016682386398315
shift,2,3,29,2.2044174671173096
shift,2,3,32,2.0156939029693604
shift,2,3,37,2.301323413848877
shift,2,3,39,0.9816318154335022
shift,2,3,40,0.47099170088768005
shift,2,3,41,0.7289876937866211
shift,2,3,42,2.210902452468872
shift,2,3,43,0.6125571727752686
shift,2,3,44,2.5125198364257812
shift,2,3,45,0.7844308614730835
shift,2,4,1,1.9218344688415527
shift,2,4,2,1.6760934591293335
shift,2,4,4,1.238507866859436
shift,2,4,7,1.486068844795227
shift,2,4,8,1.9752514362335205
shift,2,4,9,1.933180570602417
shift,2,4,10,2.2966251373291016
shift,2,4,11,2.1398563385009766
shift,2,4,13,0.32814767956733704
shift,2,4,14,0.7885572910308838
shift,2,4,16,1.927069067955017
shift,2,4,18,2.042785167694092
shift,2,4,21,1.8468552827835083
shift,2,4,23,1.989374041557312
shift,2,4,25,0.987525999546051
shift,2,4,28,1.3105820417404175
shift,2,4,30,1.8020602464675903
shift,2,4,33,0.22086569666862488
shift,2,4,36,0.24333150684833527
shift,2,4,37,2.371365785598755
shift,2,4,38,0.5754490494728088
shift,2,4,39,0.9288083910942078
shift,2,4,40,0.5725999474525452
shift,2,4,45,1.542873740196228
shift,2,5,0,2.046358346939087
shift,2,5,3,0.399082750082016
shift,2,5,5,1.7516963481903076
shift,2,5,6,1.179863452911377
shift,2,5,12,0.6852689385414124
shift,2,5,15,1.2556860446929932
shift,2,5,17,1.3404902219772339
shift,2,5,19,0.20545852184295654
shift,2,5,20,0.20860645174980164
shift,2,5,22,0.12450172752141953
shift,2,5,24,0.17460665106773376
shift,2,5,26,1.0985262393951416
shift,2,5,27,0.7630683183670044
shift,2,5,29,1.6614726781845093
shift,2,5,31,0.6369797587394714
shift,2,5,32,1.2275471687316895
shift,2,5,34,0.15784141421318054
shift,2,5,35,1.015433669090271
shift,2,5,41,1.1680508852005005
shift,2,5,42,0.28926941752433777
shift,2,5,43,0.9922641515731812
shift,2,5,44,0.7172836661338806
shift,2,5,46,0.4199524521827698
shift,2,6,0,0.2274550199508667
shift,2,6,2,2.1393046379089355
shift,2,6,4,1.4565755128860474
shift,2,6,5,2.3697030544281006
shift,2,6,6,2.891367197036743
shift,2,6,8,2.3608179092407227
shift,2,6,9,1.695597767829895
shift,2,6,10,2.4290335178375244
shift,2,6,11,1.9260221719741821
shift,2,6,12,2.5105228424072266
shift,2,6,14,1.353140115737915
shift,2,6,18,2.156963348388672
shift,2,6,19,1.444900631904602
shift,2,6,21,2.0847010612487793
shift,2,6,22,2.338792085647583
shift,2,6,23,2.9211366176605225
shift,2,6,24,2.7145161628723145
shift,2,6,26,2.0167245864868164
shift,2,6,32,1.0725239515304565
shift,2,6,34,2.2736854553222656
shift,2,6,35,2.6483774185180664
shift,2,6,38,0.7956767678260803
shift,2,6,45,1.823381781578064
shift,2,6,46,0.8759003281593323
shift,2,7,1,1.7721894979476929
shift,2,7,3,1.5379399061203003
shift,2,7,7,1.8057332038879395
shift,2,7,13,1.7323195934295654
shift,2,7,15,1.9323996305465698
shift,2,7,16,1.8418854475021362
shift,2,7,17,1.7621272802352905
shift,2,7,20,2.0441904067993164
shift,2,7,25,1.662323236465454
shift,2,7,27,1.6746467351913452
shift,2,7,28,1.5433166027069092
shift,2,7,29,1.6463725566864014
shift,2,7,30,1.5919182300567627
shift,2,7,31,0.27793633937835693
shift,2,7,33,0.7786480188369751
shift,2,7,36,1.9747191667556763
shift,2,7,37,2.6064441204071045
shift,2,7,39,2.996288537979126
shift,2,7,40,2.043949842453003
shift,2,7,41,2.2529995441436768
shift,2,7,42,1.3269150257110596
shift,2,7,43,1.0268898010253906
shift,2,7,44,0.5808433294296265
scale,1,0,3,2.0433993339538574
scale,1,0,4,1.7616113424301147
scale,1,0,5,1.6700677871704102
scale,1,0,7,0.7551695704460144
scale,1,0,8,0.034051209688186646
scale,1,0,11,0.03384248912334442
scale,1,0,12,0.08853849023580551
scale,1,0,14,0.9991718530654907
scale,1,0,16,1.2918784618377686
scale,1,0,17,0.9771429300308228
scale,1,0,19,1.7756447792053223
scale,1,0,20,1.8247281312942505
scale,1,0,21,1.9609593152999878
scale,1,0,22,2.45686674118042
scale,1,0,23,1.916153073310852
scale,1,0,27,1.5617679357528687
scale,1,0,28,0.26390838623046875
scale,1,0,29,1.2882651090621948
scale,1,0,32,0.20618988573551178
scale,1,0,33,1.5260348320007324
scale,1,0,34,2.134000539779663
scale,1,0,36,1.901914119720459
scale,1,0,45,1.8631750345230103
scale,1,0,46,0.8179585933685303
scale,1,1,0,0.05923785641789436
scale,1,1,1,0.020564835518598557
scale,1,1,2,0.0029226006008684635
scale,1,1,6,0.12184112519025803
scale,1,1,9,0.004752315115183592
scale,1,1,10,0.059676602482795715
scale,1,1,13,0.15650339424610138
scale,1,1,15,0.199962317943573
scale,1,1,18,0.026460353285074234
scale,1,1,24,0.8587096929550171
scale,1,1,25,0.04360894858837128
scale,1,1,26,0.2781408727169037
scale,1,1,30,0.05146711319684982
scale,1,1,31,0.0037748704198747873
scale,1,1,35,0.20323163270950317
scale,1,1,37,0.7800307869911194
scale,1,1,38,1.199823260307312
scale,1,1,39,1.504144310951233
scale,1,1,40,0.09445184469223022
scale,1,1,41,0.6220792531967163
scale,1,1,42,0.10488712042570114
scale,1,1,43,0.11266742646694183
scale,1,1,44,1.4151294231414795
scale,1,2,0,1.1101192235946655
scale,1,2,1,2.973233938217163
scale,1,2,2,2.5180509090423584
scale,1,2,3,2.526664972305298
scale,1,2,4,2.7621309757232666
scale,1,2,5,2.640298843383789
scale,1,2,6,1.2612802982330322
scale,1,2,10,0.3470011055469513
scale,1,2,12,1.420785903930664
scale,1,2,14,2.0014820098876953
scale,1,2,15,1.3340522050857544
scale,1,2,17,1.863348364830017
scale,1,2,19,1.9838634729385376
scale,1,2,21,2.022059679031372
scale,1,2,23,1.4558124542236328
scale,1,2,26,2.0617988109588623
scale,1,2,30,2.6514203548431396
scale,1,2,31,1.1299868822097778
scale,1,2,33,1.073623538017273
scale,1,2,34,1.6509853601455688
scale,1,2,35,1.360156774520874
scale,1,2,36,1.6146384477615356
scale,1,2,38,1.9344173669815063
scale,1,2,46,2.1182727813720703
scale,1,3,7,2.745191812515259
scale,1,3,8,2.821758270263672
scale,1,3,9,2.3394227027893066
scale,1,3,11,2.871046304702759
scale,1,3,13,2.850205659866333
scale,1,3,16,2.84301495552063
scale,1,3,18,2.8583014011383057
scale,1,3,20,1.5713521242141724
scale,1,3,22,0.7286402583122253
scale,1,3,24,1.0243358612060547
scale,1,3,25,1.9170082807540894
scale,1,3,27,1.6599889993667603
scale,1,3,28,1.2774877548217773
scale,1,3,29,1.6897822618484497
scale,1,3,32,2.5821046829223633
scale,1,3,37,2.213217258453369
scale,1,3,39,2.2085936069488525
scale,1,3,40,1.5742781162261963
scale,1,3,41,0.3539943993091583
scale,1,3,42,0.7914773225784302
scale,1,3,43,0.9036043882369995
scale,1,3,44,2.339293956756592
scale,1,3,45,0.40884271264076233
scale,1,4,1,1.3008157014846802
scale,1,4,2,2.234574794769287
scale,1,4,4,1.908480167388916
scale,1,4,7,1.5064282417297363
scale,1,4,8,2.4356346130371094
scale,1,4,9,1.9611701965332031
scale,1,4,10,2.9650068283081055
scale,1,4,11,2.707486867904663
scale,1,4,13,2.292536735534668
scale,1,4,14,2.3186328411102295
scale,1,4,16,2.1206698417663574
scale,1,4,18,2.45302414894104
scale,1,4,21,1.8303041458129883
scale,1,4,23,1.1068737506866455
scale,1,4,25,2.439300298690796
scale,1,4,28,1.5710517168045044
scale,1,4,30,1.6223180294036865
scale,1,4,33,2.252702236175537
scale,1,4,36,0.19112847745418549
scale,1,4,37,1.3243112564086914
scale,1,4,38,0.19298183917999268
scale,1,4,39,0.4662027657032013
scale,1,4,40,0.01422629039734602
scale,1,4,45,0.3465549349784851
scale,1,5,0,1.0911811590194702
scale,1,5,3,0.471574991941452
scale,1,5,5,1.1149948835372925
scale,1,5,6,0.5673899054527283
scale,1,5,12,0.09566165506839752
scale,1,5,15,0.5044668316841125
scale,1,5,17,0.17723864316940308
scale,1,5,19,0.0996113121509552
scale,1,5,20,0.07857517153024673
scale,1,5,22,0.1842917501926422
scale,1,5,24,0.2588661313056946
scale,1,5,26,0.8634329438209534
scale,1,5,27,0.22797845304012299
scale,1,5,29,0.6107200980186462
scale,1,5,31,0.4146535098552704
scale,1,5,32,0.576805591583252
scale,1,5,34,0.6532714366912842
scale,1,5,35,0.938612163066864
scale,1,5,41,0.2723838984966278
scale,1,5,42,2.4493632316589355
scale,1,5,43,1.8923826217651367
scale,1,5,44,0.18008795380592346
scale,1,5,46,1.3336188793182373
scale,1,6,0,0.942853569984436
scale,1,6,2,0.4163360893726349
scale,1,6,4,1.4000777006149292
scale,1,6,5,1.1461719274520874
scale,1,6,6,1.1339672803878784
scale,1,6,8,2.2855379581451416
scale,1,6,9,2.0489888191223145
scale,1,6,10,2.2525925636291504
scale,1,6,11,2.549119234085083
scale,1,6,12,2.0664567947387695
scale,1,6,14,2.005664825439453
scale,1,6,18,1.4869621992111206
scale,1,6,19,1.7722123861312866
scale,1,6,21,2.0651326179504395
scale,1,6,22,1.6993494033813477
scale,1,6,23,1.8400771617889404
scale,1,6,24,1.2369762659072876
scale,1,6,26,2.1846275329589844
scale,1,6,32,2.848421812057495
scale,1,6,34,1.0241187810897827
scale,1,6,35,2.162304162979126
scale,1,6,38,0.03202755004167557
scale,1,6,45,2.7901382446289062
scale,1,6,46,0.5170817375183105
scale,1,7,1,0.8732175827026367
scale,1,7,3,0.5891411900520325
scale,1,7,7,1.0629953145980835
scale,1,7,13,1.755496621131897
scale,1,7,15,0.9870040416717529
scale,1,7,16,1.3181400299072266
scale,1,7,17,0.9028122425079346
scale,1,7,20,0.7535284161567688
scale,1,7,25,0.5561675429344177
scale,1,7,27,0.6229045391082764
scale,1,7,28,0.14992031455039978
scale,1,7,29,0.31099268794059753
scale,1,7,30,0.17170149087905884
scale,1,7,31,1.3748236894607544
scale,1,7,33,2.204867124557495
scale,1,7,36,0.3928056061267853
scale,1,7,37,1.1015610694885254
scale,1,7,39,1.5510107278823853
scale,1,7,40,1.4009027481079102
scale,1,7,41,0.4267454743385315
scale,1,7,42,0.950685441493988
scale,1,7,43,0.9091803431510925
scale,1,7,44,2.5454022884368896
scale,2,0,3,0.5308890342712402
scale,2,0,4,0.7927806377410889
scale,2,0,5,0.8966646790504456
scale,2,0,7,1.6583830118179321
scale,2,0,8,1.4118356704711914
scale,2,0,11,0.7363495826721191
scale,2,0,12,1.2236621379852295
scale,2,0,14,0.6836086511611938
scale,2,0,16,0.9822180271148682
scale,2,0,17,1.0645278692245483
scale,2,0,19,1.4076176881790161
scale,2,0,20,2.2087063789367676
scale,2,0,21,2.078213930130005
scale,2,0,22,1.8722422122955322
scale,2,0,23,1.821988821029663
scale,2,0,27,1.0667449235916138
scale,2,0,28,0.26123046875
scale,2,0,29,2.3198084831237793
scale,2,0,32,1.7674037218093872
scale,2,0,33,2.4082727432250977
scale,2,0,34,0.9316856861114502
scale,2,0,36,0.4394969344139099
scale,2,0,45,0.7755851149559021
scale,2,0,46,1.663183331489563
scale,2,1,0,1.7734752893447876
scale,2,1,1,1.631636142730713
scale,2,1,2,0.5842739343643188
scale,2,1,6,1.136733889579773
scale,2,1,9,0.05198420584201813
scale,2,1,10,0.01904360204935074
scale,2,1,13,0.03628624603152275
scale,2,1,15,0.004361927509307861
scale,2,1,18,0.01648607850074768
scale,2,1,24,0.1380213499069214
scale,2,1,25,1.4270744323730469
scale,2,1,26,1.7804027795791626
scale,2,1,30,1.8850536346435547
scale,2,1,31,0.9463205933570862
scale,2,1,35,2.222545862197876
scale,2,1,37,0.4514825940132141
scale,2,1,38,0.012286011129617691
scale,2,1,39,0.20453913509845734
scale,2,1,40,0.5578767657279968
scale,2,1,41,0.13920553028583527
scale,2,1,42,0.05202722176909447
scale,2,1,43,0.05191574990749359
scale,2,1,44,0.17059174180030823
scale,2,2,0,1.3796262741088867
scale,2,2,1,1.3518574237823486
scale,2,2,2,2.4685840606689453
scale,2,2,3,2.4450464248657227
scale,2,2,4,2.701725482940674
scale,2,2,5,2.5641348361968994
scale,2,2,6,2.2744979858398438
scale,2,2,10,1.8167873620986938
scale,2,2,12,1.5496325492858887
scale,2,2,14,1.4999783039093018
scale,2,2,15,1.4682402610778809
scale,2,2,17,2.633629322052002
scale,2,2,19,2.2256810665130615
scale,2,2,21,2.3420090675354004
scale,2,2,23,1.128272294998169
scale,2,2,26,2.2205653190612793
scale,2,2,30,2.594149112701416
scale,2,2,31,0.24830979108810425
scale,2,2,33,1.081222653388977
scale,2,2,34,1.5377392768859863
scale,2,2,35,0.8608492612838745
scale,2,2,36,2.074280261993408
scale,2,2,38,1.6340672969818115
scale,2,2,46,0.6880650520324707
scale,2,3,7,2.2487170696258545
scale,2,3,8,1.6705448627471924
scale,2,3,9,2.4287850856781006
scale,2,3,11,2.488337755203247
scale,2,3,13,2.839463949203491
scale,2,3,16,2.430906295776367
scale,2,3,18,2.267075538635254
scale,2,3,20,1.7077088356018066
scale,2,3,22,0.5487471222877502
scale,2,3,24,0.7583387494087219
scale,2,3,25,2.1269867420196533
scale,2,3,27,2.1371665000915527
scale,2,3,28,0.7491458654403687
scale,2,3,29,2.4754350185394287
scale,2,3,32,1.4311567544937134
scale,2,3,37,1.183952808380127
scale,2,3,39,0.12840870022773743
scale,2,3,40,2.517838954925537
scale,2,3,41,0.3501620888710022
scale,2,3,42,0.3624270260334015
scale,2,3,43,0.1837919056415558
scale,2,3,44,0.9455823302268982
scale,2,3,45,2.119387149810791
scale,2,4,1,0.743299126625061
scale,2,4,2,0.36657699942588806
scale,2,4,4,0.4960530400276184
scale,2,4,7,0.8551071882247925
scale,2,4,8,0.5601754188537598
scale,2,4,9,0.8019190430641174
scale,2,4,10,0.4211629033088684
scale,2,4,11,0.4484352469444275
scale,2,4,13,0.6979328989982605
scale,2,4,14,1.0825815200805664
scale,2,4,16,1.2290849685668945
scale,2,4,18,0.8990365266799927
scale,2,4,21,1.3269751071929932
scale,2,4,23,1.0987483263015747
scale,2,4,25,0.09767179936170578
scale,2,4,28,0.3867809474468231
scale,2,4,30,0.11907490342855453
scale,2,4,33,0.6068755388259888
scale,2,4,36,1.6066510677337646
scale,2,4,37,1.649598240852356
scale,2,4,38,1.7821838855743408
scale,2,4,39,1.4565792083740234
scale,2,4,40,0.24161328375339508
scale,2,4,45,0.6096769571304321
scale,2,5,0,2.0489115715026855
scale,2,5,3,1.7593083381652832
scale,2,5,5,1.4908243417739868
scale,2,5,6,1.5857192277908325
scale,2,5,12,0.5007884502410889
scale,2,5,15,0.23448659479618073
scale,2,5,17,0.5036632418632507
scale,2,5,19,0.13812898099422455
scale,2,5,20,0.27181026339530945
scale,2,5,22,0.6106715202331543
scale,2,5,24,0.09209401905536652
scale,2,5,26,1.444639801979065
scale,2,5,27,2.034261465072632
scale,2,5,29,1.5938547849655151
scale,2,5,31,1.575954556465149
scale,2,5,32,0.8054249286651611
scale,2,5,34,0.10287554562091827
scale,2,5,35,2.068580150604248
scale,2,5,41,1.3604822158813477
scale,2,5,42,0.09049376100301743
scale,2,5,43,0.18392007052898407
scale,2,5,44,0.03159819170832634
scale,2,5,46,2.423475503921509
scale,2,6,0,0.6608421802520752
scale,2,6,2,0.31913766264915466
scale,2,6,4,0.05814887210726738
scale,2,6,5,0.037223078310489655
scale,2,6,6,0.04876089096069336
scale,2,6,8,0.4785221815109253
scale,2,6,9,1.0898356437683105
scale,2,6,10,0.6924149394035339
scale,2,6,11,0.40038102865219116
scale,2,6,12,0.24043911695480347
scale,2,6,14,0.15054306387901306
scale,2,6,18,0.05833703652024269
scale,2,6,19,0.26060837507247925
scale,2,6,21,0.44497525691986084
scale,2,6,22,0.6338779330253601
scale,2,6,23,0.30532413721084595
scale,2,6,24,0.5393365025520325
scale,2,6,26,0.31643351912498474
scale,2,6,32,1.398891806602478
scale,2,6,34,0.3113931715488434
scale,2,6,35,0.19644716382026672
scale,2,6,38,0.12015346437692642
scale,2,6,45,0.196315735578537
scale,2,6,46,1.5277942419052124
scale,2,7,1,0.04375329613685608
scale,2,7,3,0.007827741093933582
scale,2,7,7,0.01797913759946823
scale,2,7,13,0.020020179450511932
scale,2,7,15,0.1394449770450592
scale,2,7,16,0.027324724942445755
scale,2,7,17,0.17760369181632996
scale,2,7,20,0.08113636821508408
scale,2,7,25,0.17598794400691986
scale,2,7,27,1.0556144714355469
scale,2,7,28,0.7691757082939148
scale,2,7,29,0.9344521760940552
scale,2,7,30,0.44443681836128235
scale,2,7,31,0.027553360909223557
scale,2,7,33,0.03295408561825752
scale,2,7,36,0.002866290742531419
scale,2,7,37,0.015272432938218117
scale,2,7,39,2.524811267852783
scale,2,7,40,0.05717599019408226
scale,2,7,41,0.006145350635051727
scale,2,7,42,0.024604765698313713
scale,2,7,43,0.0186985544860363
scale,2,7,44,0.34467247128486633
