method,target,pip,expected_active_count
VI,unit_rank_1,1.0,2.2627999782562256
VI,unit_rank_2,1.0,2.2627999782562256
VI,unit_rank_3,0.2386000007390976,2.2627999782562256
VI,unit_rank_4,0.02319999970495701,2.2627999782562256
VI,unit_rank_5,0.0010000000474974513,2.2627999782562256
matched_MCMC,unit_rank_1,1.0,3.4290499687194824
matched_MCMC,unit_rank_2,1.0,3.4290499687194824
matched_MCMC,unit_rank_3,0.8071500062942505,3.4290499687194824
matched_MCMC,unit_rank_4,0.4689500033855438,3.4290499687194824
matched_MCMC,unit_rank_5,0.1529500037431717,3.4290499687194824
hard_MCMC,unit_rank_1,1.0,2.5215001106262207
hard_MCMC,unit_rank_2,1.0,2.5215001106262207
hard_MCMC,unit_rank_3,0.4031499922275543,2.5215001106262207
hard_MCMC,unit_rank_4,0.10220000147819519,2.5215001106262207
hard_MCMC,unit_rank_5,0.01614999957382679,2.5215001106262207
