variable,mean,sd,rhat,ess,mcse
xi_0,-0.30662869352963285,0.6262321934967605,1.0377134963171268,146.01727384912203,0.0518242794178986
xi_1,0.259831936488718,0.9940168256585362,1.0127430690859873,112.57540924621769,0.09368541145922937
xi_2,-0.010356905455576068,0.9859899093545934,1.0000239231462362,18328.022677254914,0.007283073010091142
xi_3,-0.002046014424842907,0.9812343619190171,1.0001587768683795,19232.053809709436,0.007075545297730176
xi_4,-0.5058180613592274,1.1357139219522026,1.0212581184282812,87.34179070004006,0.12152283810494932
xi_5,-0.017309647463178045,0.9785447396844206,1.000049541974825,15839.108638301394,0.007775267114505572
xi_6,0.024057389436264415,0.9902489679491868,0.9999080405972959,16766.338631145518,0.007647602064242222
xi_7,0.3899666620456191,1.079421054517884,1.0161995661891579,136.10147750154366,0.09252507907962905
xi_8,-0.011120782941019602,0.9886249491321301,1.0006261458411452,19246.521079039263,0.007126157985844085
xi_9,-0.009139066542824217,0.9696722827831639,0.9998810106486445,18601.060606772364,0.00710977943574812
xi_10,-0.35759941892403024,1.061130298434326,1.0146185373972993,115.65120592984572,0.09867193211408665
xi_11,-0.01579183130183481,0.9635895140509512,1.0002027556220912,16154.436572190356,0.007581343206559069
xi_12,0.0327986259249478,0.9537214430387501,1.0001306439211084,14444.522923156863,0.007935420516864553
xi_13,0.3151583144335171,1.0219158821687515,1.0119146487784687,204.81647662167657,0.07140567080342744
xi_14,0.006864272719613405,0.9807223624834561,0.9999809456309552,18464.41073252969,0.00721735972999578
xi_15,0.010148845448150407,0.9762862814011684,1.0001081054170313,17065.806184266577,0.0074733235016901985
xi_16,-0.3140629208131263,1.0727338393080705,1.0165252639501703,144.12513709037754,0.08935566966345718
xi_17,-0.012294000487555535,0.9787971148326419,1.0000222950107243,16383.732696750287,0.007646914839193123
xi_18,0.040298663258883226,0.9761847173102022,1.000150150705448,16013.451071575859,0.007714175867727977
xi_19,0.3702982868608043,1.0817994300960931,1.0378592628146868,138.93482757159205,0.09177854853520823
xi_20,-0.008163306651123248,0.9786684246568421,1.0000661889361993,18701.58263437957,0.007156429485034303
xi_21,0.01015705725293262,0.9818592406402723,1.0000426374078741,18836.931811857623,0.007153921147886298
xi_22,-0.35946052453630223,1.082321051481999,1.008517922456519,145.69613413801468,0.08966688679476241
xi_23,-0.023501124999377863,0.9701029342048559,0.9998763502913388,18086.399233730528,0.007213429002046578
xi_24,0.027528292496343972,0.9779222511403333,1.000386460353127,16634.360246425895,0.007582305464121362
xi_25,0.3366054742224717,1.0060527401647912,1.0262890799932236,100.41987001045955,0.1003947311026328
xi_26,0.0004500909696546181,0.9966419086119711,0.9999695353789919,18769.044790526023,0.007274749776759691
xi_27,-0.0030552424077540247,0.9956656573846926,0.9999560257827278,17366.675303419346,0.007555360396848402
xi_28,-0.5949380027556861,1.1635433739005376,1.019100929567021,85.32613932127258,0.12596257476392933
xi_29,-0.025817192876442574,0.9936598746301378,1.0005636023966649,15818.457999119964,0.007900520055998318
xi_30,0.04013058710172188,0.9821989820039764,0.9999919876522527,17108.822222708543,0.00750912653964625
xi_31,0.05226734899891843,0.8448709913813104,1.0085391321478672,380.4116693277806,0.04331750992159619
xi_32,-0.011422385136777286,0.8730832774454708,1.0016214188586672,631.5861579884624,0.034740764273230584
xi_33,0.017018591184611263,0.8541234967906666,1.0019433266362623,1241.9270401495378,0.024236652044723164
xi_34,-0.009287993475955941,0.8768591357027472,1.01353230410505,745.8806679109301,0.032106661964075765
xi_35,-0.006964335391200791,0.8079353388903755,1.0052602391188297,740.4207121463098,0.029691854588266158
xi_36,0.1552941366416173,1.0488819516812173,1.0145747247353716,232.43866945714814,0.06879746280631031
xi_37,0.11121606914028721,1.0437846441005423,1.0072401018549406,482.6748132962324,0.0475098418448118
xi_38,0.08259622077459522,1.0150541454783693,1.0111907705323082,553.7412441320605,0.043135593031899365
xi_39,0.06149256617669406,0.9745582596360124,1.0111404921445188,862.2511381319517,0.03318875173675792
xi_40,0.17727625107486897,1.0572258223390398,1.0213600193685024,229.78097735247445,0.06974462217022595
xi_41,0.21270785754588523,1.048686002629281,1.008757815826598,381.5767231774959,0.053685194910997026
xi_42,0.20758465453895306,1.033776798834828,1.008374861516663,281.52845863680056,0.06161204582132288
xi_43,0.10244347942469956,1.0133479763688897,1.0032475456984098,443.4370289106117,0.048121884530984045
xi_44,0.10957731363367923,1.019391582123701,1.0033541097478178,569.3137168504642,0.042723342141509926
xi_45,0.14756660823034973,0.9870904402695149,1.0089774075811047,402.4390005695675,0.04920473701801477
xi_46,0.13293655720126601,1.0077085427469017,1.0108797584532623,386.946236938627,0.05122826253326176
xi_47,0.12422275956908459,1.0211085744670692,1.0051998306005698,641.4813398353846,0.04031622954654763
xi_48,0.08508151048257075,1.0254410800701714,1.0065600532820935,339.9255414576905,0.055618441174964346
xi_49,0.12037241465435415,0.9880100839209901,1.0048820918340047,608.8274526851164,0.04004186191635564
xi_50,0.15764700445541077,1.050040393914655,1.0124008977386143,298.5970778611277,0.06076636103098252
xi_51,0.07914219441701288,0.9995417610030234,1.013857075668925,670.0154204920938,0.03861522277252226
xi_52,0.09202944718303142,1.050615028036441,1.0169610967710503,334.13452964364365,0.05747552270229192
xi_53,0.018583373816008504,0.9870580826250543,1.0042538054001848,1503.5888942450374,0.0254552961761406
xi_54,0.0983178617139911,1.0192791418326672,1.0137395998238368,403.8056661643493,0.05072323368901278
xi_55,0.10679595910731567,1.0139771472480086,1.0138115240863772,812.3574008632952,0.035575793566322976
xi_56,0.04383247131414176,1.0304992133604127,1.0064775644116783,628.787577509856,0.04109563429992922
xi_57,0.05300204541907727,0.9737697556144497,1.0039901877473905,1489.221108262054,0.025233453326177765
xi_58,0.07861388011987008,0.9984189975061489,1.0087111993028277,523.3806397774144,0.04364193610475665
xi_59,0.16281782597203162,1.0348202201150354,1.0174974798438388,264.1994476380141,0.06366473760649373
xi_60,0.05903550847277071,0.9780036955986763,1.0050062601739382,953.3690088703228,0.031674515515019395
xi_61,0.05049417415757578,0.9560199877069833,1.0033506590387251,694.0345778914547,0.03628911843925005
xi_62,0.06701137284264785,0.932135680115556,1.007672132987225,514.8073242249227,0.04108249145766694
xi_63,0.02467302172242623,0.9650567449734389,1.0073603574279828,385.6280914859059,0.0491437755650958
xi_64,-0.07176201313616441,0.9306006093329415,1.0027187133731412,883.491780673018,0.03130848665393667
xi_65,-0.012768586096231748,0.9367963880844931,1.0029294233298218,718.3946550352505,0.03495132636282175
xi_66,0.32464843436369945,1.0216153267565988,1.0314771638918765,138.9244691884012,0.08667583352096843
xi_67,0.43866256079357774,1.0407702545133397,1.036788485041836,105.14721570082632,0.10149764904539314
xi_68,0.34469510433749956,1.0803114782236236,1.0297180505283807,105.24226381533586,0.10530618989499585
xi_69,0.24864816018264474,1.004181577959055,1.0482657170301477,97.30560230106838,0.10179895673387176
xi_70,0.21403046807165324,1.0213799842277627,1.0362180477767535,139.9419998649279,0.08634025059705276
xi_71,1.2867793351504984,0.6266430244827081,1.0152163138853367,433.2689082634461,0.030105195183188733
xi_72,-0.6931360337903536,0.727402712371447,1.0029382508591138,1311.6472593481556,0.020084748045643825
xi_73,-0.7150465741410209,0.7332265629156716,1.0027379974654174,1405.5859904103015,0.019557326223706973
xi_74,1.390312794544427,0.6513152150246402,1.0063579829924396,249.33937122268546,0.04124732547521621
xi_75,-0.6151587514045069,0.7477215674296479,1.0010148998709845,1842.8729866254318,0.017417756132719453
xi_76,-0.6205426166576795,0.7477534000632423,1.0014387119265478,1383.7635679796772,0.020101452978878658
xi_77,0.22074493097169898,0.9794412806206402,1.009673715889833,366.53294659562687,0.051158982146486495
xi_78,0.1824006861674732,0.9978431431555024,1.0094712870953915,396.1065328308724,0.05013676112852577
xi_79,0.12432560606270697,1.002421063988814,1.0152258112488188,440.2391655953567,0.04777556652343426
xi_80,0.14398745596934578,0.9981344542042988,1.0102030462260037,493.936550970947,0.04491107645999889
xi_81,0.2895155345547965,1.0267909350691062,1.0071373345574033,252.47433714802682,0.06462096000079143
xi_82,0.1775521324119581,0.9945084782162061,1.0130169696008005,319.10843791142673,0.055672323340032956
xi_83,0.1361119386697101,0.9891343591681306,1.0064923524335028,450.42795410768207,0.04660608471858252
xi_84,0.18317474148754317,1.0286266365137122,1.014248998180634,295.54587269669014,0.059833625228650725
xi_85,0.03079555727492544,1.0189471877251952,1.0051293844941327,1146.8394618718564,0.030088487767764183
xi_86,-0.008525822610864105,0.9995735935104568,1.0086213397968782,676.9530537553937,0.03841806603292403
xi_87,-0.18104552341624608,0.5069798504004883,1.0263243389098748,166.40986412519402,0.03930077964160657
xi_88,-1.3201181111156846,0.6431948337753968,1.0352758030796863,76.21425991276956,0.07367572684941541
