environment,configuration,N,D_SKL_A,D_JS_0,Normalized_L1_PIP,RMSE_PIP,AUROC,AUPRC,MCMC_AUROC,MCMC_AUPRC,MCMCBR,BR,BRREL,Time_s,MH_Time_s
Baseline,Baseline MLP 2/64,100,"0.3706 [0.3299, 0.4118]","0.0020 [0.0019, 0.0021]","0.0342 [0.0330, 0.0355]","0.1100 [0.1056, 0.1143]","0.9963 [0.9938, 0.9983]","0.9885 [0.9829, 0.9935]","0.9976 [0.9946, 0.9995]","0.9932 [0.9881, 0.9971]","0.0087 [0.0071, 0.0103]","0.0255 [0.0235, 0.0275]","2.9424 [2.6015, 3.3875]","1796.1 [1608.6, 2016.7]","401.4 [396.9, 406.3]"
Baseline,ResCond,100,"0.3820 [0.3389, 0.4266]","0.0023 [0.0022, 0.0024]","0.0353 [0.0340, 0.0364]","0.1091 [0.1047, 0.1133]","0.9961 [0.9933, 0.9983]","0.9885 [0.9828, 0.9934]","0.9976 [0.9947, 0.9995]","0.9932 [0.9882, 0.9971]","0.0087 [0.0071, 0.0103]","0.0250 [0.0231, 0.0271]","2.8954 [2.5503, 3.3071]","2804.4 [2568.9, 3087.9]","401.4 [396.8, 406.2]"
Baseline,Deep MLP 4/256,100,"0.3721 [0.3336, 0.4133]","0.0021 [0.0020, 0.0022]","0.0350 [0.0338, 0.0363]","0.1100 [0.1056, 0.1144]","0.9952 [0.9917, 0.9980]","0.9883 [0.9824, 0.9933]","0.9976 [0.9946, 0.9995]","0.9932 [0.9881, 0.9972]","0.0087 [0.0072, 0.0103]","0.0253 [0.0234, 0.0273]","2.9218 [2.5773, 3.3770]","3813.7 [3631.1, 4045.1]","401.4 [396.9, 406.3]"
Baseline,Mean-field,100,"28.5147 [28.1864, 28.7206]","0.5704 [0.5325, 0.6038]","0.7777 [0.7459, 0.8061]","0.8135 [0.7781, 0.8462]","0.8497 [0.8391, 0.8598]","0.4603 [0.4336, 0.4871]","0.9976 [0.9946, 0.9996]","0.9932 [0.9881, 0.9972]","0.0087 [0.0071, 0.0103]","0.6880 [0.6414, 0.7325]","79.5220 [64.4403, 98.9529]","13.6 [11.4, 16.2]","401.4 [396.8, 406.2]"
Low SNR,Baseline MLP 2/64,100,"0.7190 [0.6693, 0.7715]","0.0128 [0.0105, 0.0154]","0.0938 [0.0863, 0.1021]","0.1326 [0.1260, 0.1395]","0.8941 [0.8809, 0.9070]","0.7436 [0.7177, 0.7691]","0.9147 [0.9023, 0.9264]","0.7888 [0.7640, 0.8130]","0.0405 [0.0377, 0.0435]","0.0547 [0.0516, 0.0580]","1.3497 [1.2690, 1.4370]","1485.9 [1358.6, 1632.3]","400.4 [396.6, 404.7]"
Low SNR,ResCond,100,"0.6671 [0.6113, 0.7263]","0.0118 [0.0098, 0.0143]","0.0891 [0.0827, 0.0966]","0.1279 [0.1218, 0.1351]","0.8984 [0.8853, 0.9113]","0.7514 [0.7257, 0.7753]","0.9147 [0.9024, 0.9266]","0.7888 [0.7646, 0.8118]","0.0405 [0.0378, 0.0435]","0.0537 [0.0509, 0.0568]","1.3257 [1.2534, 1.4050]","2427.6 [2180.5, 2728.6]","400.4 [396.6, 404.9]"
Low SNR,Deep MLP 4/256,100,"0.6536 [0.6116, 0.6933]","0.0118 [0.0094, 0.0145]","0.0908 [0.0828, 0.0986]","0.1358 [0.1298, 0.1420]","0.8926 [0.8794, 0.9053]","0.7444 [0.7188, 0.7681]","0.9147 [0.9020, 0.9265]","0.7888 [0.7652, 0.8128]","0.0405 [0.0377, 0.0434]","0.0555 [0.0526, 0.0584]","1.3685 [1.2937, 1.4571]","3190.8 [3080.9, 3314.0]","400.4 [396.6, 404.7]"
Low SNR,Mean-field,100,"10.4989 [9.7620, 11.2430]","0.1620 [0.1598, 0.1645]","0.4281 [0.4242, 0.4321]","0.4354 [0.4320, 0.4392]","0.7463 [0.7236, 0.7676]","0.3690 [0.3382, 0.3988]","0.9147 [0.9021, 0.9265]","0.7888 [0.7642, 0.8126]","0.0405 [0.0377, 0.0434]","0.2362 [0.2339, 0.2389]","5.8276 [5.4473, 6.2570]","8.9 [8.2, 9.6]","400.4 [396.5, 404.6]"
n>p,Baseline MLP 2/64,100,"0.2193 [0.1915, 0.2508]","0.0001 [0.0001, 0.0001]","0.0313 [0.0293, 0.0335]","0.1345 [0.1283, 0.1412]","1.0000 [1.0000, 1.0000]","1.0000 [1.0000, 1.0000]","0.9920 [0.9880, 0.9955]","0.9856 [0.9784, 0.9919]","0.0087 [0.0072, 0.0104]","0.0298 [0.0274, 0.0324]","3.4138 [2.9895, 4.0130]","1323.6 [1277.5, 1379.2]","1294.0 [1286.2, 1302.2]"
n>p,ResCond,100,"0.2114 [0.1841, 0.2417]","0.0001 [0.0001, 0.0001]","0.0308 [0.0290, 0.0328]","0.1278 [0.1217, 0.1339]","1.0000 [1.0000, 1.0000]","1.0000 [1.0000, 1.0000]","0.9920 [0.9880, 0.9955]","0.9856 [0.9784, 0.9919]","0.0087 [0.0071, 0.0104]","0.0274 [0.0251, 0.0298]","3.1375 [2.7493, 3.6437]","2740.1 [2463.4, 3060.0]","1294.0 [1286.3, 1302.5]"
n>p,Deep MLP 4/256,100,"0.2218 [0.1939, 0.2522]","0.0001 [0.0001, 0.0001]","0.0319 [0.0299, 0.0340]","0.1342 [0.1279, 0.1404]","1.0000 [1.0000, 1.0000]","1.0000 [1.0000, 1.0000]","0.9920 [0.9880, 0.9955]","0.9856 [0.9784, 0.9919]","0.0087 [0.0072, 0.0104]","0.0291 [0.0268, 0.0315]","3.3372 [2.8985, 3.8907]","3642.3 [3525.9, 3777.6]","1294.0 [1286.0, 1302.0]"
n>p,Mean-field,100,"29.2912 [29.2901, 29.2923]","0.5641 [0.5456, 0.5814]","0.7507 [0.7436, 0.7569]","0.8049 [0.7981, 0.8109]","0.9764 [0.9719, 0.9804]","0.8432 [0.8227, 0.8633]","0.9920 [0.9880, 0.9955]","0.9856 [0.9784, 0.9919]","0.0087 [0.0071, 0.0104]","0.6407 [0.6300, 0.6505]","73.4566 [61.3084, 90.2355]","26.4 [14.8, 42.6]","1294.0 [1286.2, 1302.5]"
p>>n,Baseline MLP 2/64,100,"1.3179 [1.0548, 1.6028]","0.0002 [0.0001, 0.0002]","0.0099 [0.0094, 0.0104]","0.0653 [0.0623, 0.0684]","0.9299 [0.9133, 0.9445]","0.7946 [0.7557, 0.8303]","0.9797 [0.9740, 0.9849]","0.8941 [0.8737, 0.9135]","0.0046 [0.0041, 0.0052]","0.0103 [0.0097, 0.0110]","2.2266 [2.0342, 2.4524]","2910.9 [2642.4, 3210.0]","5340.8 [5283.6, 5403.7]"
p>>n,ResCond,100,"1.5085 [1.0680, 2.1082]","0.0001 [0.0001, 0.0002]","0.0101 [0.0096, 0.0106]","0.0661 [0.0630, 0.0692]","0.9338 [0.9184, 0.9479]","0.8025 [0.7663, 0.8369]","0.9797 [0.9739, 0.9851]","0.8941 [0.8740, 0.9130]","0.0046 [0.0041, 0.0052]","0.0104 [0.0098, 0.0111]","2.2479 [2.0378, 2.4949]","4130.5 [3707.0, 4613.6]","5340.8 [5282.0, 5405.2]"
p>>n,Deep MLP 4/256,100,"1.3641 [0.9700, 1.9694]","0.0001 [0.0001, 0.0002]","0.0099 [0.0094, 0.0104]","0.0652 [0.0623, 0.0682]","0.9371 [0.9215, 0.9515]","0.8169 [0.7803, 0.8511]","0.9797 [0.9739, 0.9850]","0.8941 [0.8733, 0.9131]","0.0046 [0.0041, 0.0052]","0.0103 [0.0097, 0.0109]","2.2171 [2.0234, 2.4470]","6255.6 [6021.6, 6554.7]","5340.8 [5282.1, 5407.3]"
p>>n,Mean-field,100,"19.8076 [18.3822, 21.2241]","0.3525 [0.3168, 0.3877]","0.6474 [0.6107, 0.6848]","0.6569 [0.6181, 0.6961]","0.8263 [0.8140, 0.8383]","0.2270 [0.2065, 0.2484]","0.9797 [0.9739, 0.9850]","0.8941 [0.8727, 0.9131]","0.0046 [0.0041, 0.0052]","0.4713 [0.4219, 0.5216]","101.6663 [85.0999, 122.5635]","23.7 [17.6, 34.1]","5340.8 [5283.3, 5406.7]"
Weak signals,Baseline MLP 2/64,100,"0.9403 [0.8695, 1.0155]","0.0002 [0.0002, 0.0002]","0.0118 [0.0105, 0.0131]","0.0606 [0.0545, 0.0667]","0.8366 [0.8179, 0.8538]","0.6481 [0.6178, 0.6791]","0.8546 [0.8371, 0.8713]","0.6615 [0.6300, 0.6914]","0.0825 [0.0806, 0.0844]","0.0959 [0.0953, 0.0964]","1.1616 [1.1397, 1.1849]","1173.5 [1116.7, 1236.2]","396.0 [393.1, 399.0]"
Weak signals,ResCond,100,"0.9349 [0.8648, 1.0098]","0.0003 [0.0002, 0.0003]","0.0118 [0.0105, 0.0130]","0.0593 [0.0533, 0.0654]","0.8495 [0.8316, 0.8667]","0.6573 [0.6264, 0.6867]","0.8546 [0.8365, 0.8717]","0.6615 [0.6304, 0.6929]","0.0825 [0.0805, 0.0845]","0.0952 [0.0945, 0.0958]","1.1529 [1.1309, 1.1755]","2262.7 [2086.9, 2475.2]","396.0 [393.1, 398.9]"
Weak signals,Deep MLP 4/256,100,"0.9134 [0.8433, 0.9863]","0.0003 [0.0002, 0.0003]","0.0118 [0.0105, 0.0131]","0.0593 [0.0533, 0.0654]","0.8462 [0.8279, 0.8642]","0.6568 [0.6274, 0.6855]","0.8546 [0.8369, 0.8722]","0.6615 [0.6306, 0.6924]","0.0825 [0.0806, 0.0845]","0.0950 [0.0943, 0.0956]","1.1509 [1.1290, 1.1744]","3219.5 [3127.0, 3317.8]","396.0 [393.2, 399.0]"
Weak signals,Mean-field,100,"4.9855 [4.3363, 5.6824]","0.1574 [0.1507, 0.1640]","0.4104 [0.3978, 0.4245]","0.4235 [0.4104, 0.4381]","0.8363 [0.8183, 0.8519]","0.6021 [0.5757, 0.6284]","0.8546 [0.8369, 0.8721]","0.6615 [0.6293, 0.6923]","0.0825 [0.0805, 0.0845]","0.1879 [0.1783, 0.1988]","2.2761 [2.1531, 2.4130]","13.1 [10.1, 18.4]","396.0 [393.1, 398.9]"
