environment,configuration,N,D_SKL_A,D_SKL_A_ci_low,D_SKL_A_ci_high,D_JS_0,D_JS_0_ci_low,D_JS_0_ci_high,Normalized_L1_PIP,Normalized_L1_PIP_ci_low,Normalized_L1_PIP_ci_high,RMSE_PIP,RMSE_PIP_ci_low,RMSE_PIP_ci_high,AUROC,AUROC_ci_low,AUROC_ci_high,AUPRC,AUPRC_ci_low,AUPRC_ci_high,MCMC_AUROC,MCMC_AUROC_ci_low,MCMC_AUROC_ci_high,MCMC_AUPRC,MCMC_AUPRC_ci_low,MCMC_AUPRC_ci_high,MCMCBR,MCMCBR_ci_low,MCMCBR_ci_high,BR,BR_ci_low,BR_ci_high,Time_s,Time_s_ci_low,Time_s_ci_high,MH_Time_s,MH_Time_s_ci_low,MH_Time_s_ci_high,BRREL,BRREL_ci_low,BRREL_ci_high
Baseline,Baseline MLP 2/64,100,0.3705762621605971,0.32993768872317436,0.4118356452245637,0.001963618730848886,0.0018541335728586659,0.0020745605651185054,0.034245374999999995,0.033034177812499996,0.03548130968749999,0.1100448314812402,0.10557635356624162,0.11432580684446363,0.9963222222222221,0.9938333333333332,0.9982890277777778,0.9885376528435427,0.982873776894963,0.9934749397052316,0.9976055555555554,0.9945555555555555,0.9995444444444443,0.9932182016813595,0.9880580677765218,0.9970987391993971,0.008651375940624999,0.007140686030273438,0.010291490837968749,0.0254554154125,0.023451316119062492,0.027459038141562506,1796.058636841774,1608.584968654573,2016.743658443868,401.41236000000004,396.8542550000001,406.25212650000003,2.9423545557611073,2.601467687231723,3.387544930740403
Baseline,ResCond,100,0.38199854602858224,0.33894173804266603,0.4266364795704906,0.0022996162089575266,0.0021695702256654516,0.0024243535510102966,0.035252325,0.0340143059375,0.0364306390625,0.10909619444958513,0.10465172240579827,0.11334529426436901,0.9961277777777776,0.99326625,0.9983444444444445,0.9885365953657436,0.9827961959143776,0.993449065621878,0.9976055555555554,0.9946941666666667,0.9995499999999998,0.9932182016813595,0.9881738478298018,0.9971253590159839,0.008651375940624999,0.007149492429882812,0.01028198624957031,0.0250492223125,0.02314233850859375,0.027072425242031246,2804.3752180409433,2568.9141172755362,3087.905069607496,401.41236000000004,396.76692125,406.1600042500001,2.89540328433472,2.550287969576856,3.307127782418796
Baseline,Deep MLP 4/256,100,0.372063920650738,0.33360182907450325,0.4132670552829982,0.0021220968763480887,0.0020034171436661445,0.002241476170942158,0.035048499999999996,0.033849430312500005,0.036258376249999995,0.10995807565672155,0.10557594510772444,0.11441438723722777,0.9952222222222222,0.9917333333333334,0.9980388888888889,0.9883479421828569,0.9824223054697343,0.993348150853723,0.9976055555555554,0.994561111111111,0.9995499999999999,0.9932182016813595,0.9880547514619882,0.9971554256379587,0.008651375940624999,0.00721462699640625,0.01027654742179687,0.025278001943750003,0.0234107849653125,0.027293561757031248,3813.724171009064,3631.1469058362245,4045.051538678705,401.41236000000004,396.8578295,406.2770760000001,2.9218475901677037,2.5772835339759377,3.3769624081489074
Baseline,Mean-field,100,28.514650470115342,28.186370876093473,28.720635082021605,0.5704052039780478,0.5324652050601552,0.6038389404087038,0.777744,0.7458623978125001,0.8060986193749999,0.8134793251430753,0.7780962995931316,0.8462224687677533,0.8496833333333332,0.83908875,0.8597613888888889,0.4602957415663535,0.4336302131293804,0.4871093377391652,0.9976055555555554,0.9946054166666666,0.999561111111111,0.9932182016813595,0.9880864660193607,0.9971651209207459,0.008651375940624999,0.007104364608125001,0.010338031122421872,0.6879746945,0.6413686980503125,0.7324816249239063,13.612036230564117,11.430059012770652,16.2197029402256,401.41236000000004,396.81132725,406.24003225,79.52199733563987,64.44031946797296,98.95286535057356
Low SNR,Baseline MLP 2/64,100,0.718987926784662,0.6692839732043856,0.7714838483849606,0.012809129800543946,0.01051659475511398,0.015383254397128879,0.0938308625,0.08626276187499998,0.1020868071875,0.13263808984093597,0.1259639074315384,0.1394514178787004,0.8941499999999999,0.8808718055555554,0.9069558333333335,0.7435602325220637,0.7177361302120634,0.7691327888438939,0.914661111111111,0.9023108333333334,0.9264079166666668,0.7887563545223945,0.7640147534821764,0.8130009392122806,0.040524106510937505,0.037744397330703124,0.043474508370937505,0.05469569965625001,0.0515583991859375,0.058000356975625,1485.897989423275,1358.57578396523,1632.2624745531082,400.43541000000005,396.55311475,404.68019799999996,1.3497077262267974,1.2690291682313584,1.437024079780153
Low SNR,ResCond,100,0.6671451419140836,0.61125215368188,0.7263285204391069,0.011839229328394284,0.00979279912586405,0.014273296242595572,0.08908846250000003,0.0827049965625,0.0966349665625,0.1279377380701958,0.12181651894900493,0.13506890324266732,0.8984000000000002,0.8853219444444446,0.9113338888888888,0.7514445360456163,0.7257316328053591,0.7753337903004814,0.914661111111111,0.9023998611111111,0.9266056944444444,0.7887563545223945,0.764600581001752,0.811769366003606,0.040524106510937505,0.03777927430125,0.043459791193828125,0.0537241816875,0.0509324211115625,0.05683496787765625,2427.616215877533,2180.470620222628,2728.5819270548222,400.43541000000005,396.57205024999996,404.9063470000001,1.3257338979947597,1.2533879859391708,1.404999166341499
Low SNR,Deep MLP 4/256,100,0.6536181432263665,0.6116038636655448,0.6932577573887109,0.011789005630181669,0.009416383065912038,0.014479643997325027,0.09077348749999997,0.08284149312499998,0.09862369343749998,0.1357782294423003,0.1298281364489778,0.1420383262835684,0.8926166666666667,0.8794051388888888,0.905339027777778,0.7443997033985547,0.7188066555674621,0.7680870681228479,0.914661111111111,0.9020268055555557,0.9264562500000001,0.7887563545223945,0.7651745348477555,0.8127632840116893,0.040524106510937505,0.03769343666183594,0.04335113795039063,0.055457115793750004,0.0525512734765625,0.05837798673218749,3190.777167146206,3080.8971469244957,3313.955268458009,400.43541000000005,396.5963907499999,404.72699624999996,1.3684969409203893,1.2937475123157756,1.4571218003871194
Low SNR,Mean-field,100,10.49886221228677,9.762034798715842,11.243003572040116,0.16203707397828576,0.15975890606334486,0.1645152225172567,0.42813011249999994,0.4242220396875,0.43211215375,0.4354251077654217,0.4320278178559924,0.43919919456080714,0.7462666666666667,0.7235930555555558,0.7675909722222222,0.3690205013090563,0.3381606755331378,0.3988396256466997,0.914661111111111,0.9020887499999999,0.9264613888888888,0.7887563545223945,0.7641926251580274,0.812595811480509,0.040524106510937505,0.03772605227433594,0.04341689732855468,0.2361599993375,0.23385033623124998,0.23887135252046876,8.896069719791413,8.2016031960845,9.646245229125022,400.43541000000005,396.46014725000003,404.55503275000007,5.827642350948815,5.447256514079245,6.257031424687081
n>p,Baseline MLP 2/64,100,0.21931877703108338,0.19148334628311464,0.25084592521991494,6.932143018988003e-05,6.152258747460428e-05,7.66869386973486e-05,0.0313445625,0.029304520624999997,0.033511107812499996,0.13448036853287676,0.1283361235232959,0.14122927088251316,1.0,1.0,1.0,1.0,1.0,1.0,0.992,0.988,0.9954999999999999,0.9856,0.9784,0.9919,0.0087215153890625,0.007154617480703124,0.010352588489843748,0.029773879718750004,0.0273692108846875,0.032423397431093744,1323.6349010109902,1277.5327311699987,1379.2419797491432,1293.98821,1286.1802237499999,1302.2083405,3.4138424792655764,2.9894997878146943,4.013014693976417
n>p,ResCond,100,0.21137395159848676,0.18411558516024357,0.24167090347916403,8.275353940496523e-05,7.45208150700976e-05,9.09861073364658e-05,0.0308441375,0.028994706249999995,0.0328211446875,0.12781637800250353,0.12171067443734469,0.13388318596131196,1.0,1.0,1.0,1.0,1.0,1.0,0.992,0.988,0.9954999999999999,0.9856,0.9784,0.9919,0.0087215153890625,0.007091151097226561,0.010352448622421873,0.02736345665,0.025073950053124995,0.029776240579218745,2740.1208950853347,2463.4099723799227,3060.0453226578234,1293.98821,1286.29667125,1302.4892797499997,3.13746584502001,2.7493424867272362,3.643718804786886
n>p,Deep MLP 4/256,100,0.22184862371257705,0.19391061243280186,0.25219101217097645,7.97202781519987e-05,7.19212770783138e-05,8.708656867630265e-05,0.031941837499999993,0.029937913437499998,0.03398253406249999,0.13418081682885455,0.12785439527823378,0.14042268170785488,1.0,1.0,1.0,1.0,1.0,1.0,0.992,0.988,0.9954999999999999,0.9856,0.9784,0.9919,0.0087215153890625,0.007168089972539061,0.010355223997109376,0.0291052041625,0.026827564577187494,0.031522106370625,3642.3233110809324,3525.899353212178,3777.6080983579755,1293.98821,1285.97825525,1302.0112602499999,3.3371728265251157,2.898455898807308,3.890652723196141
n>p,Mean-field,100,29.291182357255572,29.29010460235908,29.292288857311572,0.5640794644326279,0.5455681355429574,0.581444744205435,0.7507056874999999,0.7436287893749999,0.7568854165625,0.8049059764575649,0.7981335775582113,0.8109415627256251,0.9764,0.9719220833333333,0.9803556944444446,0.8431859399223205,0.8226517468434776,0.8632714858985401,0.992,0.988,0.9954999999999999,0.9856,0.9784,0.9919,0.0087215153890625,0.007149438165625,0.010370225047695312,0.64065266875,0.6299550794146875,0.6504554322799999,26.43189709186554,14.816484761178494,42.58276140731572,1293.98821,1286.21647725,1302.46856,73.4565772312265,61.3083893347616,90.23547751477052
p>>n,Baseline MLP 2/64,100,1.3178718436557588,1.0547750618080909,1.6028101729759485,0.0001519158953467264,0.00012625266824786553,0.00018164761746914824,0.0098988975,0.0094186666875,0.010411861124999998,0.06531065496484323,0.06231536910101641,0.06839080557056945,0.929930612244898,0.913264387755102,0.9445073724489798,0.7945976464028073,0.7556651727844412,0.8303463505092026,0.9797265306122449,0.9740444387755103,0.9848939540816327,0.8940664511797586,0.8736505385385583,0.9134723096757784,0.004635992272812499,0.004118507637132812,0.005186082939421876,0.010322635904999999,0.00970743401825,0.010954550366656251,2910.9446078300475,2642.4385271722676,3209.9768010396356,5340.776170000001,5283.643637249999,5403.657632000001,2.226629230065046,2.034180961622007,2.452383421348337
p>>n,ResCond,100,1.5084958760545155,1.0679896858211146,2.108200088025915,0.00014265841643866953,0.00011866146708126031,0.00017118507539641618,0.010060337499999999,0.0095501071875,0.010583912499999999,0.06605783627368977,0.06295602493686768,0.06916363667662281,0.9337857142857143,0.918363137755102,0.9479054081632654,0.8024822648783695,0.7663313503639401,0.8368655708910046,0.9797265306122449,0.9739130867346938,0.9850602551020408,0.8940664511797586,0.8740147984247589,0.9129828938593149,0.004635992272812499,0.004102231810679686,0.005184916310351562,0.010421146053750002,0.009816295091500001,0.011062544059625,4130.4928397750855,3707.0078579130172,4613.555437424123,5340.776170000001,5282.0247425,5405.181094749999,2.2478782190523035,2.037842400624822,2.494913876302602
p>>n,Deep MLP 4/256,100,1.364064126323962,0.9700049949344153,1.9693839221496856,0.00014766849097486265,0.0001226671789853901,0.00017659554415898863,0.009894052499999998,0.009419596125,0.010397059062499998,0.06519586614017159,0.062266985785419185,0.06820452358674935,0.9370908163265306,0.9214974999999999,0.9514847959183673,0.8168925138888671,0.7802728820129674,0.8510672751443605,0.9797265306122449,0.973928469387755,0.9849780612244896,0.8940664511797586,0.8732888383354425,0.9131188300352597,0.004635992272812499,0.004109721921554688,0.005188589068124999,0.010278248002499999,0.00965727028959375,0.01089384481525,6255.555108039379,6021.558781697452,6554.697739491641,5340.776170000001,5282.0925962500005,5407.28192375,2.217054601832745,2.0234254715493813,2.4469930673648497
p>>n,Mean-field,100,19.80761393914722,18.382193239977074,21.224140914995015,0.35252633503715214,0.3168301544936003,0.38769377775259684,0.6473570025000001,0.6107363346875,0.6848316765,0.6569284086381509,0.6180747125220912,0.6961125380914446,0.8262816326530611,0.8139823469387756,0.8383129081632653,0.22697203255214402,0.2065366743275821,0.24838137124084733,0.9797265306122449,0.9738571938775511,0.984992142857143,0.8940664511797586,0.87273166532713,0.9131337619366019,0.004635992272812499,0.004107037544976562,0.005184443661726561,0.4713243726724999,0.42189543003481245,0.5215578338553125,23.69339265346527,17.579318131804463,34.141647304177255,5340.776170000001,5283.331417,5406.719488,101.66634130012545,85.09992475584822,122.56353671541864
Weak signals,Baseline MLP 2/64,100,0.940317724490932,0.8694810477525444,1.015516988222997,0.00021886469989721935,0.00019233101449633215,0.00024586682529818474,0.011754612499999999,0.010517300625,0.013085494375000001,0.06057286816603631,0.054503950421484315,0.06673262329574427,0.8365611111111112,0.8178697222222224,0.8537834722222222,0.6480558491630244,0.6178390458522593,0.6790567367556521,0.8546444444444445,0.83706625,0.871250972222222,0.6614520350338562,0.6300152552120484,0.6914088104263977,0.0825438924640625,0.08062299109535158,0.08443024960222655,0.09588174412499997,0.09527427742875,0.09643779920703127,1173.5004169654846,1116.7074875047801,1236.2093848850132,396.00043,393.11369974999997,398.97947725,1.1615849611980005,1.1397017268408551,1.1849390708383907
Weak signals,ResCond,100,0.9349139308012987,0.8648489048303415,1.0097675719174244,0.00027344785772847864,0.00024701649200359853,0.0003013061020571019,0.011750262499999997,0.010526179999999998,0.013025850312500002,0.05930862701970882,0.05327805161338992,0.06539587899032723,0.8494555555555556,0.8315765277777777,0.8667390277777777,0.6573069736393178,0.6264415732376392,0.6867282221029212,0.8546444444444445,0.8365220833333333,0.8716511111111112,0.6614520350338562,0.6304458603001686,0.6929261540178421,0.0825438924640625,0.08052851770171875,0.08450439998328126,0.0951647430875,0.09449048268468752,0.09577286805984374,2262.7385058569907,2086.8658498152495,2475.2193238750688,396.00043,393.0574032500001,398.94574675,1.152898660902529,1.130870713292412,1.1755064312451096
Weak signals,Deep MLP 4/256,100,0.9134482349895555,0.8433031887242738,0.9863141580736873,0.00026246116465932173,0.00023384415673148741,0.0002913535128445431,0.011782837499999999,0.0104961890625,0.013078170000000002,0.05926655230211742,0.05327395067252386,0.06541763070101801,0.8461777777777779,0.8278656944444445,0.8642277777777777,0.6567921566501487,0.6274129831146409,0.6854587209375071,0.8546444444444445,0.8368881944444444,0.8721949999999999,0.6614520350338562,0.630595041111872,0.692442462334841,0.0825438924640625,0.08063900779308594,0.08448293087277342,0.09499983596875,0.09433895714515625,0.09562214429953125,3219.4825080490114,3126.9997120355965,3317.7894106947783,396.00043,393.22773524999997,399.0150075,1.150900849631128,1.12897506731533,1.174432530943889
Weak signals,Mean-field,100,4.9855433335370085,4.3362964441855905,5.6824273214323835,0.15735123689901898,0.15068238223589542,0.16398957240646406,0.4103559375,0.3977895556250001,0.4245458174999999,0.42351341225538586,0.41038244065931356,0.4380624044709041,0.8362944444444443,0.8183216666666666,0.8519393055555553,0.6021054213658632,0.5757419906785894,0.6283812853871152,0.8546444444444445,0.8369220833333334,0.8721226388888889,0.6614520350338562,0.6293198148718083,0.6922755629097309,0.0825438924640625,0.08054572863414061,0.08445390719199221,0.1878766733,0.17831084101875005,0.1988249244509375,13.081837236881256,10.080390119493009,18.439507254362105,396.00043,393.06425475,398.9429075000001,2.2760820660571186,2.1531447350363777,2.4129560321680295
