support_idx,support_size,loss,loss_ema,log_grad_ema,val_mse,val_rmse,val_mae,val_r2,val_heldout_loglik,val_nll,dS,churn,pred_improve_rel,loss_improve_rel,grad_slope,expected_support_soft,softgate_entropy,beta_soft_sd_mean,beta_soft_abs_mean,softgate_churn,moment_recovery_score,recovery_score,active_mean_zerr_median,active_mean_zerr_mean,active_sd_logerr_median,active_sd_logerr_mean,active_sd_ratio_median,active_sd_ratio_mean,sd_ratio_median,sd_ratio_mean,active_marg_skl_median,active_marg_skl_mean,active_joint_skl_median,active_joint_skl_mean,softgate_absdiff_median,softgate_absdiff_mean,zero_soft_leakage_median,zero_soft_leakage_mean,ckpt_id,stage,is_warmup,epoch,epoch_in_stage,tau,lr,grad_norm,log_grad,alert,best_so_far
"[4, 5, 6, 7, 9, 10, 11, 12, 15, 17, 18, 20, 21, 23, 26, 31, 33, 38, 41, 44, 46, 47, 48, 52, 54, 56, 58, 59, 61, 62, 63, 65, 66, 67, 69, 70, 72, 73, 74, 77, 78, 79, 81, 86, 87, 88, 90, 94, 95, 96, 97, 99]",52,1621.42919922,1621.42919922,7.78898316,12.04752827,3.47095495,2.73373747,-0.0140067,-5.3232708,5.3232708,0,0.0,0.0,0.0,0.0,50.03537369,0.69198906,0.04107016,0.03283282,0.0,15.44117398,15.44117398,14.42486462,12.2244489,1.01630936,1.04583635,0.36192845,0.3538256,0.36192845,0.3538256,28.84417799,27.26505481,30.06313173,30.0728608,0.50019469,0.49842187,0.00148192,0.00210122,0,0,True,1,1,1.2,1e-05,2413.86181641,7.78898316,False,True
"[0, 1, 2, 3, 5, 6, 8, 10, 11, 12, 14, 16, 17, 18, 21, 23, 24, 26, 29, 30, 31, 32, 34, 37, 38, 39, 41, 42, 43, 44, 46, 48, 49, 50, 51, 52, 53, 54, 56, 57, 58, 60, 63, 66, 67, 71, 72, 73, 74, 75, 78, 80, 81, 82, 84, 85, 88, 89, 91, 92, 93, 94, 95, 96, 97, 98, 99]",67,1533.17211914,1564.63841157,7.76983813,12.33434868,3.51202914,2.77271175,-0.03814757,-5.57863665,5.57863665,15,0.6,0.0,0.05443166,-0.01914503,50.07892609,0.69179744,0.04218624,0.03608663,0.00348974,15.27642774,15.27642774,14.2857894,12.09385111,0.99063834,1.02396074,0.37139173,0.36302765,0.37139173,0.36302765,28.83315225,27.23188033,29.98379284,29.98095288,0.50075552,0.49823227,0.01632631,0.01597225,1,0,True,25,25,1.2,1e-05,2347.08398438,7.76092898,False,True
"[0, 1, 2, 3, 4, 5, 6, 8, 10, 11, 12, 13, 14, 16, 17, 18, 19, 20, 21, 23, 24, 25, 26, 27, 29, 30, 31, 32, 34, 35, 36, 37, 38, 39, 40, 41, 42, 43, 44, 45, 46, 47, 48, 49, 50, 51, 52, 53, 54, 55, 56, 57, 58, 59, 60, 63, 66, 67, 68, 71, 72, 73, 74, 75, 77, 78, 79, 80, 81, 82, 84, 85, 86, 88, 89, 91, 92, 93, 94, 95, 96, 97, 98, 99]",84,1440.47021484,1474.04185925,7.77451704,12.6115694,3.55127715,2.82057524,-0.06148046,-5.15088415,5.15088415,17,0.20238095,0.0,0.06046412,0.00467891,51.49012756,0.69125831,0.0451302,0.0462141,0.01411198,15.04802513,15.04802513,14.09063289,11.90863202,0.95739223,0.94981527,0.38389373,0.39028989,0.38389373,0.39028989,28.79853874,27.14355569,29.96620446,29.95287754,0.51701066,0.50893526,0.03468145,0.03473767,2,0,True,50,50,1.2,1e-05,2385.56518555,7.77719135,False,True
"[0, 1, 2, 3, 4, 5, 6, 8, 10, 11, 12, 14, 15, 16, 17, 18, 19, 20, 21, 23, 24, 25, 26, 27, 29, 30, 31, 32, 33, 34, 35, 36, 37, 38, 39, 40, 41, 42, 43, 44, 45, 46, 47, 48, 49, 50, 51, 52, 53, 54, 55, 56, 57, 58, 59, 60, 63, 66, 67, 68, 71, 72, 73, 74, 75, 76, 78, 79, 80, 81, 82, 84, 85, 86, 88, 89, 91, 92, 93, 94, 95, 96, 97, 98, 99]",85,1334.53295898,1371.22978677,7.79103968,13.33267784,3.65139396,2.91507244,-0.12217414,-5.17369032,5.17369032,1,0.05747126,0.0,0.07354352,0.01652265,52.91218948,0.68931121,0.04843424,0.06224686,0.01470861,14.77038805,14.77038805,13.90523954,11.71963107,0.86514851,0.89079285,0.42099189,0.41385743,0.42099189,0.41385743,28.7662613,27.04392396,29.90438447,29.91528102,0.53621082,0.51976223,0.0579894,0.05582703,3,0,True,75,75,1.2,1e-05,2444.6315918,7.80164971,False,True
"[0, 1, 2, 3, 5, 6, 8, 10, 11, 12, 14, 15, 16, 17, 18, 19, 20, 21, 23, 24, 25, 26, 27, 29, 30, 31, 32, 33, 34, 35, 36, 37, 38, 39, 40, 41, 42, 43, 44, 45, 46, 47, 48, 49, 50, 51, 52, 53, 54, 55, 56, 57, 58, 59, 60, 63, 66, 67, 68, 71, 72, 73, 74, 75, 78, 79, 80, 81, 82, 83, 84, 85, 86, 88, 89, 91, 92, 93, 94, 95, 96, 97, 98, 99]",84,1199.09680176,1249.82788116,7.82197253,14.21962357,3.77089161,3.02285457,-0.19682588,-5.21045399,5.21045399,-1,0.03488372,0.0,0.10148581,0.03093284,54.72546005,0.68495852,0.05242307,0.08657443,0.01881386,14.29432455,14.29432455,13.5209523,11.405296,0.77337226,0.79257671,0.46147154,0.45623356,0.46147154,0.45623356,28.71597144,26.84448546,29.77658467,29.77748545,0.5606876,0.5334047,0.08730777,0.0817745,4,0,True,100,100,1.2,1e-05,2514.87109375,7.82997683,False,True
"[0, 1, 2, 3, 5, 6, 8, 10, 11, 12, 13, 14, 15, 16, 17, 18, 19, 20, 21, 23, 24, 25, 26, 27, 29, 30, 31, 32, 33, 34, 35, 36, 37, 38, 39, 40, 41, 42, 43, 44, 45, 46, 47, 48, 49, 50, 51, 52, 53, 54, 55, 56, 57, 58, 59, 60, 62, 63, 65, 66, 67, 68, 71, 72, 73, 74, 75, 76, 78, 79, 80, 81, 82, 83, 84, 85, 86, 88, 89, 90, 91, 92, 93, 94, 95, 96, 97, 98, 99]",89,1036.85290527,1099.66776937,7.84756995,16.57255936,4.07094084,3.26452208,-0.39486589,-5.4157362,5.4157362,5,0.05617978,0.0,0.13530509,0.02559742,57.49796295,0.67536807,0.05984732,0.12477347,0.02773354,13.66025221,13.66025221,13.08165182,10.9817483,0.57860039,0.6051064,0.56068369,0.5517616,0.56068369,0.5517616,28.6308061,26.2716984,29.58419207,29.58662369,0.60191134,0.55449175,0.12777613,0.12044766,5,0,True,125,125,1.2,1e-05,2574.41577148,7.8533779,False,True
"[0, 1, 2, 3, 4, 5, 6, 8, 9, 10, 11, 12, 13, 14, 15, 16, 17, 18, 19, 20, 21, 23, 24, 25, 26, 27, 28, 29, 30, 31, 32, 33, 34, 35, 36, 37, 38, 39, 40, 41, 42, 43, 44, 45, 46, 47, 48, 49, 50, 51, 52, 53, 54, 55, 56, 57, 58, 59, 60, 61, 62, 63, 64, 65, 66, 67, 68, 69, 71, 72, 73, 74, 75, 76, 77, 78, 79, 80, 81, 82, 83, 84, 85, 86, 87, 88, 89, 90, 91, 92, 93, 94, 95, 96, 97, 98, 99]",97,840.16967773,911.33317134,7.80455019,21.3144455,4.61675703,3.78469062,-0.79397716,-6.44188547,6.44188547,8,0.08247423,0.0,0.18969251,-0.04301975,61.89322281,0.65270114,0.07073795,0.19001,0.04395258,12.56519072,12.56519072,12.20634914,10.14675068,0.35884158,0.38322441,0.69848518,0.6894416,0.69848518,0.6894416,28.50509272,26.05019331,29.35285323,29.35903248,0.65894437,0.58820017,0.20098716,0.18204291,6,0,True,150,150,1.2,1e-05,2341.734375,7.75864712,False,True
"[0, 1, 2, 3, 4, 5, 6, 7, 8, 9, 10, 11, 12, 13, 14, 15, 16, 17, 18, 19, 20, 21, 22, 23, 24, 25, 26, 27, 28, 29, 30, 31, 32, 33, 34, 35, 36, 37, 38, 39, 40, 41, 42, 43, 44, 45, 46, 47, 48, 49, 50, 51, 52, 53, 54, 55, 56, 57, 58, 59, 60, 61, 62, 63, 64, 65, 66, 67, 68, 69, 70, 71, 72, 73, 74, 75, 76, 77, 78, 79, 80, 81, 82, 83, 84, 85, 86, 87, 88, 89, 90, 91, 92, 93, 94, 95, 96, 97, 98, 99]",100,658.27734375,716.74669248,7.36251641,28.57857704,5.34589347,4.27668428,-1.40537877,-8.18407154,8.18407154,3,0.03,0.0,0.21649476,-0.44203379,66.9261322,0.61375737,0.08540681,0.27929667,0.05032915,10.48482765,10.48482765,10.39103761,8.72118629,0.09379004,0.14375962,0.91050064,0.88523885,0.91050064,0.88523885,28.36127728,25.37849724,29.09575341,29.10941184,0.71833169,0.62612122,0.27443659,0.26167282,7,0,True,175,175,1.2,1e-05,1205.4095459,7.09457466,False,True
"[0, 1, 2, 3, 5, 6, 8, 10, 11, 12, 14, 16, 17, 18, 19, 20, 21, 23, 24, 25, 26, 27, 29, 30, 31, 32, 33, 34, 35, 36, 37, 38, 39, 40, 41, 42, 43, 44, 45, 46, 47, 48, 49, 50, 51, 52, 53, 54, 55, 56, 57, 58, 59, 60, 62, 63, 65, 66, 67, 71, 72, 73, 74, 75, 77, 78, 79, 80, 81, 82, 83, 84, 85, 86, 88, 89, 90, 91, 92, 93, 94, 95, 96, 97, 98, 99]",86,574.53631592,604.15214212,6.78756237,28.13680458,5.30441369,4.2187295,-1.36819601,-7.1913929,7.1913929,-14,0.14,0.01545817,0.12721238,-0.57495404,65.40642548,0.61994231,0.08594909,0.28658307,0.01676312,9.07717135,9.07717135,8.90515467,7.70520938,0.17201668,0.20548426,1.15250971,1.05084247,1.15250971,1.05084247,28.20442629,24.28355433,28.86516657,28.89634618,0.70128742,0.61001675,0.24109323,0.25538698,8,0,True,200,200,1.2,1e-05,744.36450195,6.61253084,False,True
"[0, 1, 2, 3, 5, 6, 8, 10, 11, 12, 14, 16, 17, 18, 21, 23, 24, 25, 26, 27, 29, 30, 31, 32, 34, 35, 37, 38, 39, 40, 41, 42, 43, 44, 46, 48, 49, 50, 51, 52, 53, 54, 55, 56, 57, 58, 60, 63, 66, 67, 71, 72, 73, 74, 75, 78, 80, 81, 82, 84, 85, 86, 88, 89, 91, 92, 93, 94, 95, 96, 97, 98, 99]",73,520.28057861,540.85977295,6.3875979,24.20889854,4.92025391,3.98612475,-1.03759517,-6.80732965,6.80732965,-13,0.15116279,0.13960029,0.09443396,-0.39996447,62.51086044,0.63228071,0.0852285,0.28449088,0.02962233,7.26044044,7.26044044,6.96273119,6.42242154,0.29770925,0.29823179,1.3235237,1.176267,1.3235237,1.176267,22.79668623,22.3050045,28.74071217,28.77121292,0.67349312,0.58153892,0.21175884,0.23669724,9,0,True,225,225,1.2,1e-05,514.70648193,6.2435968,False,True
"[0, 1, 2, 3, 5, 6, 8, 10, 11, 12, 14, 16, 17, 18, 21, 23, 24, 25, 26, 29, 30, 31, 32, 34, 35, 37, 38, 39, 40, 41, 42, 43, 44, 46, 48, 49, 50, 51, 52, 53, 54, 56, 57, 58, 60, 63, 66, 67, 71, 72, 73, 74, 75, 78, 80, 81, 82, 84, 85, 88, 89, 91, 92, 93, 94, 95, 96, 97, 98, 99]",70,478.84091187,494.32592823,6.0061625,17.88130188,4.22862884,3.34627867,-0.50501908,-4.97571993,4.97571993,-3,0.04109589,0.26137483,0.07964869,-0.3814354,59.29662704,0.64285499,0.08335277,0.27386597,0.03261751,5.79243304,5.79243304,5.34295277,5.0875489,0.44948027,0.3768873,1.55075228,1.33505168,1.55075228,1.33505168,14.76079269,14.41006403,24.33875115,24.49951201,0.6363689,0.5500556,0.17914721,0.2077031,10,0,True,250,250,1.2,1e-05,342.71783447,5.83690747,False,True
"[0, 1, 2, 3, 5, 6, 8, 11, 12, 14, 18, 21, 23, 24, 25, 26, 29, 30, 31, 32, 34, 35, 37, 38, 39, 41, 42, 43, 44, 46, 48, 49, 50, 51, 52, 53, 56, 57, 58, 60, 63, 66, 67, 71, 72, 73, 74, 75, 78, 80, 81, 82, 84, 85, 88, 89, 91, 92, 93, 94, 95, 96, 97, 98, 99]",65,447.99542236,460.25951834,5.66932506,14.82299614,3.85006443,2.98477674,-0.24761006,-4.32604218,4.32604218,-5,0.07142857,0.17103373,0.06441699,-0.33683744,55.80203629,0.64967036,0.0820664,0.26670134,0.03506855,4.66980373,4.66980373,4.17226004,3.93792674,0.49754369,0.3873423,1.58713207,1.37466376,1.58713207,1.37466376,8.48597118,9.16496166,18.2541333,18.6534655,0.59174791,0.51653288,0.16243468,0.18349418,11,0,True,275,275,1.2,1e-05,242.81147766,5.49228533,False,True
"[0, 1, 2, 3, 5, 6, 8, 11, 12, 14, 18, 21, 23, 24, 26, 29, 30, 31, 32, 34, 35, 37, 38, 39, 41, 42, 43, 44, 46, 48, 49, 50, 51, 52, 53, 56, 57, 58, 60, 63, 66, 67, 71, 72, 73, 74, 75, 78, 80, 81, 82, 84, 85, 88, 89, 91, 92, 93, 94, 95, 96, 97, 98, 99]",64,423.2852478,433.25208424,5.51955785,14.72152233,3.83686361,3.01719928,-0.23906929,-4.09051085,4.09051085,-1,0.01538462,0.0068457,0.0551572,-0.14976721,53.08496094,0.65054083,0.08277467,0.26476347,0.02736286,3.87232341,3.87232341,3.41784508,3.26559208,0.45447832,0.40078292,1.54703403,1.38770621,1.54703403,1.38770621,5.87426626,6.61680549,13.30909268,13.93877929,0.55915436,0.49052958,0.16123311,0.17107533,12,0,True,300,300,1.2,1e-05,210.91152954,5.35143875,False,True
"[0, 1, 2, 3, 5, 6, 8, 11, 12, 14, 18, 21, 23, 24, 26, 29, 30, 31, 32, 34, 35, 37, 38, 39, 41, 42, 43, 44, 46, 48, 49, 50, 51, 52, 53, 56, 57, 58, 60, 63, 66, 67, 71, 72, 73, 74, 75, 78, 80, 81, 82, 84, 85, 88, 89, 91, 92, 93, 94, 95, 96, 97, 98, 99]",64,423.39550781,432.2664266,5.51552606,14.75023937,3.84060404,3.02545214,-0.24148632,-4.01786137,4.01786137,0,0.0,0.0,0.0,-0.00403179,52.79030228,0.65082669,0.08189271,0.26407388,0.00352937,3.79424863,3.79424863,3.35838827,3.25492591,0.43586036,0.38308764,1.52149161,1.37915682,1.52149161,1.37915682,5.96464372,6.38245034,13.56396142,13.96915645,0.55487528,0.48793609,0.16079389,0.17027937,13,1,False,301,1,1.2,1e-05,239.66447449,5.47923992,False,True
"[0, 1, 2, 3, 5, 6, 8, 11, 12, 14, 18, 21, 23, 24, 29, 30, 31, 32, 35, 37, 38, 39, 41, 42, 43, 44, 46, 48, 49, 50, 51, 52, 53, 56, 57, 58, 60, 63, 66, 67, 71, 72, 73, 74, 75, 78, 80, 81, 82, 84, 85, 88, 89, 91, 92, 93, 94, 95, 96, 97, 98, 99]",62,402.81698608,409.6136893,5.48538422,14.40666103,3.79561076,3.10101151,-0.2125683,-3.62904406,3.62904406,-2,0.03125,0.02329307,0.04860354,-0.03014184,50.07164383,0.64831108,0.0836795,0.25927246,0.02718659,3.68963433,3.68963433,3.1581104,3.11545304,0.53152394,0.44271226,1.66526885,1.46817634,1.66526885,1.46817634,5.62070498,5.83944478,12.10076612,12.78573197,0.53125392,0.46233926,0.15612856,0.16188881,14,1,False,325,25,1.2,1e-05,216.22660828,5.37632697,False,True
"[0, 1, 2, 3, 5, 6, 8, 11, 12, 14, 18, 21, 23, 24, 29, 30, 31, 32, 35, 37, 38, 39, 41, 42, 43, 44, 46, 48, 49, 50, 51, 52, 53, 56, 57, 58, 60, 63, 66, 67, 71, 72, 74, 75, 78, 80, 81, 82, 84, 89, 91, 92, 93, 94, 95, 96, 97, 98, 99]",59,377.48498535,385.85230356,5.49322809,12.95622921,3.59947624,3.02489519,-0.09048951,-3.28170848,3.28170848,-3,0.0483871,0.10067786,0.06288712,0.00784387,47.10934067,0.64107025,0.08347283,0.25802347,0.02964547,3.65246275,3.65246275,3.14808679,2.98199534,0.50437596,0.38605253,1.5754643,1.38807208,1.5754643,1.38807208,5.04786846,5.38831931,11.62163201,12.61590855,0.50243691,0.43473479,0.1594716,0.15797855,15,1,False,350,50,1.2,1e-05,280.80340576,5.6376548,False,True
"[1, 2, 3, 5, 8, 11, 12, 14, 18, 21, 29, 31, 32, 38, 42, 43, 44, 46, 49, 50, 51, 52, 53, 56, 57, 58, 60, 63, 66, 67, 71, 72, 74, 75, 80, 81, 82, 84, 89, 91, 94, 95, 97, 99]",44,351.84429932,360.72306234,5.53140016,9.86303711,3.14054726,2.62567186,0.1698558,-2.81120348,2.81120348,-15,0.25423729,0.23874169,0.06792505,0.03817207,43.29309464,0.62401581,0.08367936,0.25618455,0.03819889,3.47715514,3.47715514,2.94883865,2.70034548,0.52831649,0.45031385,1.66084858,1.45436018,1.66084858,1.45436018,4.11166433,4.36821972,9.59381202,10.19935908,0.45218831,0.39784225,0.14695467,0.15271519,16,1,False,375,75,1.2,1e-05,251.5193634,5.52751998,False,True
"[3, 5, 12, 18, 21, 31, 38, 42, 43, 46, 49, 52, 53, 71, 74, 75, 80, 81, 82, 89, 94, 97, 99]",23,326.80957031,334.7151662,5.57267218,6.81247759,2.61007233,2.14356303,0.42661285,-2.41514754,2.41514754,-21,0.47727273,0.30929211,0.07115286,0.04127202,39.45845032,0.60124028,0.08430198,0.24985062,0.03834645,3.44901325,3.44901325,2.90944367,2.58615625,0.53956959,0.48032427,1.70128164,1.53280167,1.70128164,1.53280167,4.02565573,4.02077369,9.60176456,9.92895119,0.41492888,0.36148187,0.1374125,0.14445974,17,1,False,400,100,1.2,1e-05,224.74504089,5.41496661,False,True
"[12, 18, 31, 38, 42, 49, 52, 80, 81, 89, 97]",11,299.42437744,309.41137249,5.71346972,5.16701889,2.27310776,1.85076487,0.5651065,-2.25527978,2.25527978,-12,0.52173913,0.24153602,0.08379557,0.14079754,35.96621704,0.57701981,0.08495047,0.23908243,0.03492231,3.50257804,3.50257804,2.9340382,2.57288341,0.56853984,0.49341408,1.75967742,1.54726874,1.75967742,1.54726874,4.13768266,4.00633396,9.99841908,10.12899838,0.37316695,0.32896711,0.11563735,0.13337152,18,1,False,425,125,1.2,1e-05,225.46760559,5.41817649,False,False
"[12, 18, 31, 38, 49, 52, 81, 97]",8,279.87915039,287.87271935,5.65360905,4.15691042,2.03885027,1.57273495,0.6501245,-2.09603572,2.09603572,-3,0.27272727,0.19549154,0.065276,-0.05986068,32.6204567,0.54706204,0.08524405,0.23245704,0.03346304,3.05806336,3.05806336,2.44768189,2.1401886,0.61038147,0.54186539,1.84124192,1.65216948,1.84124192,1.65216948,3.09282457,3.02051664,8.14497353,8.30448305,0.33147638,0.29729509,0.10712548,0.12143667,19,1,False,450,150,1.2,1e-05,209.91279602,5.34669219,False,True
"[12, 18, 31, 38, 49, 52, 81, 97]",8,264.93426514,268.89596793,5.87461275,4.07276487,2.01810923,1.57052004,0.65720679,-2.0668242,2.0668242,0,0.0,0.02024233,0.05339764,0.2210037,29.96696663,0.52405208,0.08429469,0.22328439,0.02731067,2.7678841,2.7678841,2.07869425,1.92081385,0.68918985,0.59916305,1.99210519,1.73981172,1.99210519,1.73981172,2.57339186,2.79731423,8.53634894,8.38344898,0.30396008,0.27389438,0.09396728,0.10894381,20,1,False,475,175,1.2,1e-05,625.18347168,6.43804516,False,True
"[12, 18, 31, 38, 49, 81, 97]",7,248.01644897,253.07089818,5.60686528,4.08819151,2.02192767,1.6408509,0.65590837,-2.11133337,2.11133337,-1,0.125,0.0,0.06385666,-0.26774747,27.13184357,0.49989623,0.07894371,0.21253227,0.02838704,2.54155071,2.54155071,1.96606495,1.89282011,0.57548576,0.54026105,1.77807277,1.63108558,1.77807277,1.63108558,2.45493319,2.48887497,7.7805941,7.49820058,0.28273124,0.25007475,0.08260342,0.09660984,21,1,False,500,200,1.2,1e-05,207.10604858,5.33323097,False,True
"[18, 31, 38, 49, 81, 97]",6,234.82276917,238.50260307,5.64097969,4.9183507,2.21773549,1.8535285,0.5860362,-2.19116235,2.19116235,-1,0.14285714,0.0,0.05319679,0.03411441,23.65984344,0.46519294,0.07243889,0.20215891,0.03482551,2.30561338,2.30561338,1.80478314,1.79330827,0.50083023,0.46673226,1.55754077,1.47802101,1.55754077,1.47802101,1.96053168,2.16620265,6.93276785,6.85317482,0.24806527,0.2216366,0.06766684,0.08424573,22,1,False,525,225,1.2,1e-05,330.86447144,5.80170884,False,True
"[18, 31, 38, 49, 81, 97]",6,221.35211182,224.38725885,5.58834701,5.68146372,2.38358212,1.96676576,0.52180712,-2.28978515,2.28978515,0,0.0,0.0,0.05736521,-0.05263268,21.13045311,0.43508717,0.06940039,0.19855814,0.02536636,2.15522542,2.15522542,1.68454802,1.43442384,0.47067741,0.45389075,1.59422766,1.46789978,1.59422766,1.46789978,1.64897551,1.53568234,4.97681585,4.92428065,0.21148926,0.20034537,0.05784921,0.07568159,23,1,False,550,250,1.2,1e-05,376.22888184,5.93019769,False,True
"[18, 31, 38, 49, 81, 97]",6,209.46643066,212.51199991,5.75887523,5.99311638,2.44808423,1.98280251,0.49557618,-2.34641838,2.34641838,0,0.0,0.0,0.05369581,0.17052822,20.1538868,0.42474452,0.06553242,0.19629566,0.01109092,2.11144251,2.11144251,1.76124602,1.455645,0.3501965,0.35684355,1.38396231,1.30671567,1.38396231,1.30671567,1.49104145,1.4884696,5.5813191,5.31069457,0.20077729,0.19207728,0.05144404,0.07366436,24,1,False,575,275,1.2,1e-05,308.16680908,5.73064122,False,True
"[18, 31, 38, 49, 81, 97]",6,200.46130371,203.71421843,5.90134546,6.18316793,2.48659766,1.99492049,0.47958008,-2.37556314,2.37556314,0,0.0,0.0,0.04299079,0.14247023,18.95284653,0.40825614,0.06232093,0.19460434,0.01248102,1.92603507,1.92603507,1.56569488,1.34584897,0.36034019,0.36807509,1.41410132,1.31537515,1.41410132,1.31537515,1.23326613,1.32029029,4.94855248,4.71386523,0.18407375,0.18274589,0.05112965,0.07115055,25,1,False,600,300,1.2,1e-05,164.85046387,5.10503878,False,True
"[18, 31, 38, 49, 81, 97]",6,192.53018188,196.18525857,5.70347007,6.22378063,2.49475062,2.00198793,0.47616182,-2.3997829,2.3997829,0,0.0,0.0,0.03956435,-0.19787539,19.4597683,0.41596633,0.06231705,0.1987111,0.00676746,1.86932822,1.86932822,1.54945322,1.28742921,0.31987501,0.32789237,1.3370721,1.27932097,1.3370721,1.27932097,1.19275015,1.23570887,4.61332322,4.38412775,0.18740197,0.18658203,0.05480779,0.07451753,26,1,False,625,325,1.2,1e-05,289.57507324,5.66841458,False,True
"[18, 31, 38, 49, 81, 97]",6,187.03439331,188.34534666,5.64832965,6.58777714,2.56666654,2.04360294,0.44552525,-2.5080936,2.5080936,0,0.0,0.0,0.02854508,-0.05514042,18.39642715,0.40014076,0.05897505,0.1973186,0.01156508,1.60626109,1.60626109,1.32391394,1.18289756,0.28234715,0.30759058,1.30710315,1.209372,1.30710315,1.209372,0.98863497,1.13505095,4.5631207,4.30404284,0.17478032,0.17861378,0.05418493,0.07308473,27,1,False,650,350,1.2,1e-05,361.14865112,5.88928965,False,True
"[18, 31, 38, 49, 81, 97]",6,177.80357361,181.06838725,5.56891487,6.4606843,2.54178762,2.00836873,0.4562223,-2.58962178,2.58962178,0,0.0,0.01929222,0.0493536,-0.07941478,17.69104385,0.38951373,0.05440182,0.19736761,0.00876139,1.59338533,1.59338533,1.32692486,1.20342443,0.26646047,0.28498259,1.26707811,1.18585045,1.26707811,1.18585045,1.05610905,1.1388906,4.12792458,4.0381997,0.16677044,0.17347648,0.05270354,0.07411247,28,1,False,675,375,1.2,1e-05,233.97512817,5.45521482,False,True
"[18, 31, 38, 49, 81, 97]",6,173.66210938,175.63532657,5.62509705,6.77935457,2.60371937,2.03981209,0.42940072,-2.62095928,2.62095928,0,0.0,0.0,0.02329236,0.05618218,17.87364769,0.39210021,0.05215,0.20013119,0.00510139,1.58813412,1.58813412,1.37787453,1.22447594,0.21025959,0.24544386,1.21169452,1.12553453,1.21169452,1.12553453,1.16499119,1.19334759,4.63950845,4.48521119,0.16760713,0.17494498,0.05560436,0.07811113,29,1,False,700,400,1.2,1e-05,327.53829956,5.79160499,False,True
"[18, 31, 38, 49, 81, 97]",6,166.9367218,170.14612281,5.748586,6.5807848,2.56530404,2.00530195,0.44611378,-2.65317559,2.65317559,0,0.0,0.02929037,0.03872686,0.12348894,17.62723923,0.38848546,0.04856915,0.20134026,0.0046945,1.70458814,1.70458814,1.54414749,1.31424795,0.16044065,0.21494835,1.13333302,1.04554352,1.13333302,1.04554352,1.46893372,1.44948214,5.73504038,5.53142851,0.16403697,0.17308167,0.054513,0.08121914,30,1,False,725,425,1.2,1e-05,175.79051208,5.16929301,False,False
"[18, 31, 38, 49, 81, 97]",6,164.25259399,165.59830603,5.68543392,7.17083931,2.67784229,2.09811306,0.39645054,-2.81604671,2.81604671,0,0.0,0.0,0.01607871,-0.06315208,17.79601288,0.39026242,0.04675714,0.20547915,0.00524766,1.43142938,1.43142938,1.30341454,1.25043897,0.12801484,0.21688558,1.12485795,1.05940205,1.12485795,1.05940205,1.31798152,1.52297327,5.89487061,5.66682751,0.16547295,0.17408975,0.06173311,0.08527298,31,1,False,750,450,1.2,1e-05,292.57177734,5.67871003,False,True
"[18, 31, 38, 49, 81, 97]",6,158.823349,160.35192538,5.45451334,6.37300014,2.52448017,2.01657009,0.46360243,-2.67433214,2.67433214,0,0.0,0.11126162,0.03305424,-0.23092058,17.38439178,0.3825464,0.0424853,0.20807371,0.0067669,1.58294832,1.58294832,1.50270111,1.32341574,0.08024721,0.18236864,1.06142939,0.99117471,1.06142939,0.99117471,1.73681721,1.59025583,4.75509258,4.89200688,0.1581624,0.17142766,0.05994223,0.08959801,32,1,False,775,475,1.2,1e-05,193.50318909,5.26529399,False,False
"[18, 31, 38, 49, 81, 97]",6,154.38165283,155.7773565,5.65276208,6.20724201,2.49143373,1.97550797,0.47755383,-2.62089372,2.62089372,0,0.0,0.02600943,0.02796627,0.19824875,17.7661171,0.38766125,0.04180235,0.21217573,0.00642335,1.70543859,1.70543859,1.58246995,1.45106085,0.12296864,0.21008867,1.08499531,1.00946511,1.08499531,1.00946511,2.0951298,1.82606565,5.91107885,6.12266707,0.16268285,0.17411394,0.06782275,0.09572291,33,1,False,800,500,1.2,1e-05,334.17514038,5.81166523,False,False
"[18, 31, 38, 49, 81, 97]",6,149.73309326,151.83738611,5.53644226,6.34012842,2.51796116,2.01615644,0.46636915,-2.75514412,2.75514412,0,0.0,0.0,0.03011083,-0.11631983,17.7121067,0.38516703,0.03997316,0.21574619,0.00496463,1.67521786,1.67521786,1.61152679,1.5158039,0.06369107,0.18337367,1.04773712,0.96105983,1.04773712,0.96105983,2.28948592,2.17236538,6.63934768,6.79194684,0.16437398,0.17368349,0.07273106,0.10072713,34,1,False,825,525,1.2,1e-05,154.55802917,5.04056962,False,False
"[18, 31, 38, 49, 81, 97]",6,147.93515015,148.46444065,5.63636797,6.32980537,2.51591045,2.00331593,0.46723801,-2.71301556,2.71301556,0,0.0,0.00162821,0.01200765,0.09992572,17.27988815,0.37936944,0.03535874,0.21988751,0.00670114,1.7492815,1.7492815,1.71870861,1.53089604,0.03057289,0.19398426,0.99900424,0.89463327,0.99900424,0.89463327,2.18646345,2.46248013,7.83208039,7.49364632,0.15887167,0.1695867,0.07532211,0.10582189,35,1,False,850,550,1.2,1e-05,331.03289795,5.80221776,False,False
"[18, 31, 38, 49, 81, 97]",6,143.42456055,144.94368629,5.61074723,5.94320631,2.43786922,1.95483661,0.49977698,-2.67223024,2.67223024,0,0.0,0.06107598,0.03049032,-0.02562075,17.63258362,0.38109219,0.03493498,0.22400317,0.00547565,2.07040181,2.07040181,1.96567061,1.67133821,0.10473121,0.22639971,0.90059969,0.8560383,0.90059969,0.8560383,3.56010034,3.23233233,8.94443908,9.00076547,0.16096769,0.17237798,0.0852538,0.11216881,36,1,False,875,575,1.2,1e-05,228.29040527,5.43061853,False,False
"[18, 31, 38, 49, 81, 97]",6,141.76249695,142.39470079,5.64621323,5.89858055,2.42869935,1.95541263,0.503533,-2.67244196,2.67244196,0,0.0,0.0075087,0.01158842,0.035466,17.32843971,0.37676591,0.03161082,0.22704832,0.00566831,2.13468803,2.13468803,2.07220623,1.78384375,0.0624818,0.24197558,0.93958513,0.8380668,0.93958513,0.8380668,3.35254871,4.09344555,11.28562308,11.06867183,0.1574563,0.16943778,0.08782615,0.11712372,37,1,False,900,600,1.2,1e-05,399.18066406,5.98941411,False,False
"[18, 31, 38, 49, 81, 97]",6,140.67428589,140.0637371,5.68398125,5.90851307,2.43074332,1.96790183,0.50269701,-2.67149854,2.67149854,0,0.0,0.0,0.0076763,0.03776802,17.4578495,0.37602225,0.03088565,0.2337245,0.00539672,2.20725199,2.20725199,2.1251022,1.67831104,0.08214979,0.26571097,0.92117772,0.8208803,0.92117772,0.8208803,3.29557217,3.70404909,9.87313114,9.75824055,0.15614663,0.16957892,0.09672689,0.12323316,38,1,False,925,625,1.2,1e-05,249.02903748,5.51756951,False,False
"[18, 31, 38, 49, 81, 97]",6,136.81912231,137.78663155,5.62555572,5.9859271,2.44661544,1.96013832,0.49618129,-2.68142223,2.68142223,0,0.0,0.0,0.02740489,-0.05842552,17.55669785,0.37722966,0.03030576,0.23462103,0.00494502,2.29090636,2.29090636,2.20420155,1.82655271,0.08670481,0.27903523,0.91699225,0.81072825,0.91699225,0.81072825,4.04247167,4.30509328,11.98467918,11.48014099,0.15660446,0.17038305,0.10471976,0.12610833,39,1,False,950,650,1.2,1e-05,167.67927551,5.12205308,False,False
"[18, 31, 38, 49, 81, 97]",6,134.31274414,135.60743218,5.45111795,5.48086786,2.34112534,1.91068888,0.53869071,-2.64538312,2.64538312,0,0.0,0.08437444,0.01831892,-0.17443777,16.52933693,0.36176854,0.02730996,0.23589188,0.01138022,2.47403253,2.47403253,2.27735745,1.85796923,0.19667507,0.32189117,0.8223508,0.77762793,0.8223508,0.77762793,5.22416293,5.01439271,12.54753702,13.42985383,0.14489227,0.16196059,0.1036663,0.12806118,40,1,False,975,675,1.2,1e-05,190.02218628,5.24714084,False,False
"[18, 31, 38, 49, 81, 97]",6,132.65252686,133.20618745,5.51942886,5.53143358,2.35189999,1.90210879,0.53443473,-2.64095807,2.64095807,0,0.0,0.0,0.01236083,0.06831091,16.948349,0.36353388,0.02738168,0.23833579,0.00570062,2.60391104,2.60391104,2.41441285,1.89674067,0.18949819,0.37431273,0.82737415,0.74410616,0.82737415,0.74410616,5.84325072,5.97869129,14.58526668,14.13089808,0.1457217,0.16495074,0.10549282,0.13119648,41,1,False,1000,700,1.2,1e-05,141.85539246,4.95480818,False,False
"[18, 31, 38, 49, 81, 97]",6,131.44726562,131.64798608,5.74699089,5.284554,2.29881578,1.88781261,0.55521389,-2.60507679,2.60507679,0,0.0,0.04463211,0.00908585,0.22756202,15.98129463,0.34923625,0.02729728,0.24043365,0.01047618,2.56540117,2.56540117,2.39704597,1.90211767,0.16835521,0.3295193,0.84507935,0.76976788,0.84507935,0.76976788,4.71060636,4.84102023,13.77845543,13.31114344,0.13693231,0.15728113,0.10327026,0.13365525,42,1,False,1025,725,1.2,1e-05,349.69363403,5.85705744,False,False
"[18, 38, 49, 81, 97]",5,128.74005127,130.15952757,5.73497496,5.07007551,2.25168282,1.89911032,0.57326595,-2.59509397,2.59509397,-1,0.16666667,0.04058592,0.02059544,-0.01201593,15.49778557,0.34108716,0.0247378,0.24048956,0.00866533,2.68267759,2.68267759,2.43813684,1.96937879,0.24454075,0.44010097,0.78306426,0.69952267,0.78306426,0.69952267,6.48373017,6.0288157,15.05217271,14.06989478,0.12961392,0.15391692,0.09989963,0.13458784,43,1,False,1050,750,1.2,1e-05,166.24113464,5.11343935,False,False
"[18, 31, 38, 49, 81, 97]",6,127.09253693,129.08106292,5.7561948,5.20986605,2.2825131,1.88173568,0.56150017,-2.60998869,2.60998869,1,0.16666667,0.0,0.01279722,0.02121984,16.15193367,0.34938517,0.02503987,0.24171276,0.00894184,2.7423965,2.7423965,2.49900752,1.98389701,0.24338897,0.42235047,0.78413007,0.71193113,0.78413007,0.71193113,6.85024092,6.47740741,15.8758374,15.60066535,0.13722253,0.15874076,0.10190899,0.13610354,44,1,False,1075,775,1.2,1e-05,185.556427,5.22335902,False,False
"[18, 38, 49, 81, 97]",5,125.6410675,127.67227146,5.57890108,5.06530571,2.2506234,1.89622438,0.57366741,-2.62535167,2.62535167,-1,0.16666667,0.02774742,0.01142057,-0.17729372,15.37620163,0.33917946,0.02477945,0.2418016,0.00994065,2.77897723,2.77897723,2.53001175,1.98432927,0.24896548,0.42926482,0.77974127,0.70481686,0.77974127,0.70481686,5.89669584,5.85388723,14.43755155,14.4207088,0.12860112,0.15262106,0.10078333,0.13620676,45,1,False,1100,800,1.2,1e-05,157.88752747,5.06188293,False,False
"[18, 38, 49, 81, 97]",5,124.00343323,125.69629458,5.70282848,4.88881111,2.21106561,1.90302849,0.58852247,-2.61028051,2.61028051,0,0.0,0.03484382,0.01303423,0.1239274,15.00210762,0.33070835,0.02476249,0.24209872,0.00725938,2.73569073,2.73569073,2.49849444,1.94366115,0.23719629,0.4628477,0.7891013,0.68634196,0.7891013,0.68634196,5.69709239,5.95622975,14.7424689,14.84694002,0.12444225,0.15022318,0.09922265,0.13606155,46,1,False,1125,825,1.2,1e-05,225.40124512,5.41788213,False,False
"[18, 38, 49, 81, 97]",5,124.19857788,124.19186811,5.75282063,4.82974958,2.19766913,1.93712854,0.59349351,-2.57602406,2.57602406,0,0.0,0.01208096,0.0,0.04999215,14.46809196,0.32033461,0.03064408,0.24100018,0.00828979,2.71169572,2.71169572,2.53013519,2.00228589,0.18156053,0.33125892,1.06696775,0.93821263,1.06696775,0.93821263,4.71916296,5.55870017,12.28516523,12.75697893,0.11842866,0.14670284,0.09704904,0.13557103,47,1,False,1150,850,1.2,1e-05,238.81092834,5.47567214,False,False
"[18, 38, 49, 81, 97]",5,122.46131897,122.70683163,5.63822962,4.78665781,2.18784319,1.9092598,0.59712042,-2.59800529,2.59800529,0,0.0,0.00892215,0.01398775,-0.11459102,14.81865406,0.3283231,0.02236122,0.2436119,0.00678113,2.77368448,2.77368448,2.48640236,1.94612261,0.28728212,0.51328687,0.75044344,0.66493602,0.75044344,0.66493602,7.21880973,6.69975811,14.69238008,14.56832569,0.12292331,0.1487886,0.09931502,0.13775323,48,1,False,1175,875,1.2,1e-05,333.82397461,5.81061383,False,False
"[18, 38, 49, 81, 97]",5,121.08322144,121.93941901,5.81921184,4.84677029,2.20153816,1.91272771,0.59206092,-2.62356663,2.62356663,0,0.0,0.0,0.01125333,0.18098222,14.5440464,0.32466096,0.02367258,0.2454413,0.00535877,2.64781124,2.64781124,2.35455704,1.88154318,0.29325421,0.52183073,0.74586694,0.64817337,0.74586694,0.64817337,6.19702038,5.96904133,13.64998155,14.03640222,0.1201994,0.14667568,0.09964083,0.13901013,49,1,False,1200,900,1.2,1e-05,510.07907104,6.23456575,False,False
"[18, 38, 49, 81, 97]",5,119.87505341,121.19008431,5.96875955,4.68408012,2.16427358,1.859128,0.6057541,-2.55367041,2.55367041,0,0.0,0.03356672,0.009978,0.1495477,14.45972157,0.32087058,0.02359462,0.2437883,0.00609595,2.80393953,2.80393953,2.45709809,1.93888898,0.34684144,0.51225477,0.70726652,0.65454949,0.70726652,0.65454949,5.81649594,6.40546709,16.22261819,15.28111536,0.11744389,0.14676306,0.09838425,0.13788904,50,1,False,1225,925,1.2,1e-05,292.41085815,5.67815986,False,False
"[18, 38, 49, 81, 97]",5,120.00830078,121.07660456,5.9106479,4.85198307,2.20272174,1.8955493,0.59162218,-2.58578134,2.58578134,0,0.0,0.0,0.0,-0.05811165,14.75003433,0.32796419,0.02220068,0.24542101,0.00657037,2.68279232,2.68279232,2.38485274,1.93189743,0.29793958,0.54342945,0.74246686,0.64939034,0.74246686,0.64939034,7.48693291,7.06706071,15.85036567,16.38946274,0.12094266,0.14843502,0.10028499,0.13963683,51,1,False,1250,950,1.2,1e-05,400.94604492,5.99382687,False,False
"[18, 38, 49, 81, 97]",5,119.18347168,119.53435044,5.76344571,4.73717165,2.17650446,1.90866232,0.60128553,-2.56517458,2.56517458,0,0.0,0.02366278,0.0068731,-0.14720219,13.97486591,0.31517562,0.02665591,0.24459723,0.00945612,2.54366021,2.54366021,2.41325694,1.88338176,0.13040328,0.37352993,0.877778,0.75431378,0.877778,0.75431378,4.8770408,5.45658276,12.27751433,13.685524,0.11254796,0.14313583,0.09834424,0.13811538,52,1,False,1275,975,1.2,1e-05,240.01864624,5.48071661,False,False
"[18, 38, 49, 81, 97]",5,117.0736084,118.34209902,5.93943293,4.83869457,2.19970329,1.91983867,0.59274063,-2.55249262,2.55249262,0,0.0,0.0,0.01770265,0.17598722,14.13998127,0.31676856,0.02396398,0.24679331,0.0038557,2.52533256,2.52533256,2.26359512,1.83425962,0.26173745,0.50551504,0.770078,0.66806684,0.770078,0.66806684,5.74461511,6.12331834,13.13570605,13.57233423,0.11248247,0.14452195,0.10048331,0.13989367,53,1,False,1300,1000,1.2,1e-05,288.68200684,5.66532576,False,False
"[18, 38, 49, 81, 97]",5,116.82645416,117.17021639,5.6881436,4.81574059,2.19447957,1.88227975,0.59467261,-2.558074,2.558074,0,0.0,0.00474384,0.0021111,-0.25128933,13.26499557,0.30278113,0.02484133,0.24576046,0.0100101,2.59716952,2.59716952,2.31361963,1.81887885,0.28354989,0.54365647,0.75331277,0.6406992,0.75331277,0.6406992,6.44820997,6.55176479,11.56717491,13.20904731,0.10269336,0.13828541,0.09827144,0.13861956,54,1,False,1325,1025,1.2,1e-05,278.58609009,5.62972713,False,False
"[18, 38, 49, 81]",4,115.03583527,116.10738896,5.65125889,5.21020031,2.28258632,1.91318464,0.56147204,-2.56854868,2.56854868,-1,0.2,0.0,0.01532717,-0.03688471,13.02744865,0.30139172,0.02198124,0.24420525,0.0040172,2.66512826,2.66512826,2.32240237,1.90742401,0.34272589,0.61853795,0.70990143,0.59963648,0.70990143,0.59963648,6.7668357,6.94052143,13.74548291,14.74138207,0.10193437,0.13671989,0.0988704,0.13802831,55,1,False,1350,1050,1.2,1e-05,224.32449341,5.41309363,False,False
"[18, 38, 49, 81, 97]",5,114.38371277,115.68916778,5.71724371,4.79826689,2.19049467,1.88449073,0.59614332,-2.5214932,2.5214932,1,0.2,0.07906288,0.00566886,0.06598482,13.82283688,0.31600267,0.02328273,0.24672796,0.01068028,2.64861077,2.64861077,2.33303775,1.92298724,0.31557302,0.58703077,0.72937085,0.61831987,0.72937085,0.61831987,7.19214797,7.15379281,14.62748611,15.55982043,0.10994891,0.14255729,0.10217741,0.14103156,56,1,False,1375,1075,1.2,1e-05,249.40402222,5.51907416,False,False
"[18, 38, 49, 81]",4,113.63970184,114.7769851,6.09542,4.83735085,2.19939784,1.85304427,0.59285373,-2.5321126,2.5321126,-1,0.2,0.0,0.00650452,0.37817629,13.56328583,0.31060201,0.02117563,0.24678385,0.0057219,2.66077752,2.66077752,2.28397329,1.8811804,0.37680423,0.63713113,0.68605411,0.59117033,0.68605411,0.59117033,7.69347254,7.88898486,16.24289982,16.65686218,0.10743784,0.14115098,0.10228718,0.14057726,57,1,False,1400,1100,1.2,1e-05,688.28601074,6.53420446,False,False
"[18, 38, 49, 81, 97]",5,112.43231964,113.66205283,5.88804116,4.93436432,2.22134291,1.90053165,0.58468838,-2.52029896,2.52029896,1,0.2,0.0,0.01062465,-0.20737884,13.98786354,0.31784156,0.02170275,0.24859653,0.00636748,2.61961779,2.61961779,2.28936521,1.87543766,0.33025258,0.60319003,0.71906482,0.6152852,0.71906482,0.6152852,7.21291886,7.28356638,14.33998002,15.37105962,0.1119335,0.144364,0.10288584,0.142529,58,1,False,1425,1125,1.2,1e-05,310.37329102,5.73777574,False,False
"[18, 38, 49, 81]",4,112.62762451,113.22270934,5.81518408,4.92994881,2.2203488,1.88049841,0.58506002,-2.59744167,2.59744167,-1,0.2,0.00089485,0.0,-0.07285708,13.80657768,0.31576481,0.02370827,0.2489323,0.00478363,2.47419742,2.47419742,2.20975382,1.82175624,0.2644436,0.55793338,0.76784345,0.64011236,0.76784345,0.64011236,4.94802276,6.21386955,11.29413539,12.30419219,0.11175063,0.14318436,0.10305354,0.14216249,59,1,False,1450,1150,1.2,1e-05,150.30474854,5.01266489,False,False
"[38, 49, 81]",3,111.45760345,111.79192875,6.17807901,5.1857276,2.27721927,1.87218654,0.56353184,-2.50951982,2.50951982,-1,0.25,0.0,0.0103884,0.36289493,12.90719128,0.29988685,0.02543982,0.24427916,0.01272264,2.62910038,2.62910038,2.26969364,1.91843155,0.35940674,0.61003257,0.69809296,0.59919629,0.69809296,0.59919629,5.70260197,6.42056554,12.26326878,13.04634809,0.10179719,0.13751006,0.09883443,0.13829231,60,1,False,1475,1175,1.2,1e-05,574.76959229,6.35396925,False,False
"[38, 49, 81]",3,110.8571167,111.48919766,5.93233924,5.68289757,2.38388288,1.96429992,0.52168643,-2.54049611,2.54049611,0,0.0,0.0,0.00538758,-0.24573977,12.90555859,0.30009419,0.02503707,0.24741322,0.00400034,2.42456578,2.42456578,2.07524947,1.80705221,0.34931632,0.58462455,0.70528199,0.61031853,0.70528199,0.61031853,5.0200025,6.07550664,11.64587743,12.36818241,0.10323667,0.1372979,0.10168931,0.14033535,61,1,False,1500,1200,1.2,1e-05,274.01150513,5.6131701,False,False
