support_idx,support_size,loss,loss_ema,log_grad_ema,val_mse,val_rmse,val_mae,val_r2,val_heldout_loglik,val_nll,dS,churn,pred_improve_rel,loss_improve_rel,grad_slope,expected_support_soft,softgate_entropy,beta_soft_sd_mean,beta_soft_abs_mean,softgate_churn,softgate_mean,softgate_sd,softgate_q05,softgate_q25,softgate_q50,softgate_q75,softgate_q95,softgate_mean_j_q05,softgate_mean_j_q25,softgate_mean_j_q50,softgate_mean_j_q75,softgate_mean_j_q95,softgate_mean_j_sum,softgate_sd_j_median,softgate_sd_j_q90,gate_entropy_mean,gate_entropy_median,gate_entropy_q90,beta_abs_mean,beta_abs_median,beta_abs_q75,beta_abs_q90,beta_abs_q95,beta_mean_abs_j_median,beta_mean_abs_j_q90,beta_mean_abs_j_q95,beta_soft_sd_j_mean,beta_soft_sd_j_median,beta_soft_sd_j_q75,beta_soft_sd_j_q90,beta_soft_sd_j_q95,beta_l2_draw_mean,beta_l2_draw_sd,pip_hard_mean,pip_hard_q50,pip_hard_q75,pip_hard_q90,pip_hard_q95,expected_support_softgate,expected_support_hard,ckpt_id,stage,is_warmup,epoch,epoch_in_stage,tau,lr,grad_norm,log_grad,lasso_recovery_score,alert,best_so_far
"[4, 9, 11, 16, 23, 40, 46, 79, 89, 97]",10,1217.22692871,1217.22692871,7.71305967,23.30400658,4.82742235,4.02047539,-0.01398675,-9.67998886,9.67998886,0,0.0,0.0,0.0,0.0,49.7189064,0.69064516,0.04072316,0.03254616,0.0,0.4971891,0.03521588,0.43853715,0.47317433,0.49729294,0.5211817,0.55524617,0.49407804,0.49619409,0.49715173,0.49840885,0.49995872,49.71891022,0.03499206,0.03695132,0.69064516,0.69200337,0.69310701,0.03254616,0.027521,0.0467063,0.06690596,0.08005412,0.0020807,0.00454439,0.00515155,0.04072316,0.04072942,0.04194186,0.04332252,0.04362715,0.4063198,0.03526191,0.46902344,0.47460938,0.48828125,0.50039065,0.50800776,49.71891022,46.90234375,0,0,True,1,1,0.8,1e-05,2237.37744141,7.71305967,10.72482831,False,True
"[3, 5, 7, 8, 9, 10, 11, 12, 13, 14, 15, 16, 17, 18, 19, 20, 21, 23, 25, 26, 29, 30, 31, 32, 33, 34, 38, 39, 40, 41, 42, 43, 44, 45, 47, 48, 49, 51, 52, 54, 55, 58, 60, 62, 63, 64, 65, 66, 67, 68, 70, 72, 74, 75, 78, 80, 83, 84, 85, 86, 87, 88, 89, 90, 91, 94, 96, 97, 98, 99]",70,1116.29675293,1150.82006331,7.67293756,21.41129875,4.62723446,3.82331896,0.06836736,-7.82980204,7.82980204,60,0.90410959,0.08121813,0.08291813,-0.04012211,50.74607086,0.69000363,0.04363951,0.04136068,0.01219965,0.50746071,0.03887555,0.44379026,0.48106706,0.50716627,0.5340935,0.5713414,0.4904176,0.49965656,0.50975472,0.51621652,0.52031207,50.74607086,0.03744277,0.03940103,0.69000363,0.69167769,0.69309843,0.04136068,0.03548566,0.05945959,0.08416601,0.10046492,0.02789449,0.03193762,0.03320973,0.04363951,0.04358607,0.04505178,0.04635013,0.04719653,0.51374406,0.04437248,0.57425779,0.59765625,0.671875,0.69570315,0.71894526,50.74607086,57.42578125,1,0,True,25,25,0.8,1e-05,2145.56884766,7.67115999,10.33153182,False,True
"[0, 3, 4, 5, 6, 7, 8, 9, 10, 11, 12, 13, 14, 15, 16, 17, 18, 19, 20, 21, 23, 25, 26, 27, 29, 30, 31, 32, 33, 34, 35, 37, 38, 39, 40, 41, 42, 43, 44, 45, 46, 47, 48, 49, 51, 52, 54, 55, 56, 58, 60, 62, 63, 64, 65, 66, 67, 68, 70, 71, 72, 73, 74, 75, 78, 79, 80, 83, 85, 86, 87, 88, 89, 90, 91, 92, 94, 95, 96, 97, 98, 99]",82,1009.1060791,1047.92425204,7.69080833,18.44265366,4.29449108,3.5414114,0.19753686,-6.69016075,6.69016075,12,0.1686747,0.13864853,0.09602346,0.01787077,53.63382721,0.68562198,0.04970971,0.06458487,0.02963909,0.53633821,0.0491771,0.45213005,0.50334221,0.53832674,0.57073718,0.61392903,0.48841015,0.51528621,0.54845285,0.5589754,0.56442386,53.63382721,0.04109747,0.04334188,0.68562198,0.68905735,0.69300115,0.06458487,0.05903151,0.0930663,0.12478711,0.14438985,0.06267546,0.07125127,0.0723132,0.04970971,0.05008151,0.05261314,0.05429381,0.05498237,0.77487481,0.06238677,0.76941407,0.87890625,0.92675781,0.94140625,0.94160151,53.63382721,76.94140625,2,0,True,50,50,0.8,1e-05,2224.21655273,7.70716002,9.77879439,False,True
"[0, 3, 4, 5, 6, 7, 8, 9, 10, 11, 12, 13, 14, 15, 16, 17, 18, 19, 20, 21, 23, 25, 26, 27, 29, 30, 31, 32, 33, 34, 35, 37, 38, 39, 40, 41, 42, 43, 44, 45, 46, 47, 48, 49, 51, 52, 54, 55, 56, 58, 59, 60, 62, 63, 64, 65, 66, 67, 68, 70, 71, 72, 73, 74, 75, 78, 79, 80, 83, 85, 86, 87, 88, 89, 90, 91, 92, 93, 94, 95, 96, 97, 98, 99]",84,884.58117676,930.93393193,7.71018953,15.66221333,3.95755143,3.21029735,0.31851732,-5.48408222,5.48408222,2,0.02380952,0.1507614,0.1234012,0.0193812,57.95054245,0.67099679,0.0581139,0.10347936,0.04371696,0.57950538,0.06777468,0.45735538,0.53225142,0.58814538,0.63029873,0.67806101,0.488511,0.53559417,0.60821593,0.62359482,0.62775123,57.95054245,0.04295539,0.04519964,0.67099684,0.67711413,0.6925233,0.10347939,0.09916472,0.14516062,0.18614897,0.21154048,0.11328992,0.13060403,0.13253747,0.0581139,0.06029717,0.06355189,0.06648676,0.06725388,1.19996655,0.0910991,0.85535157,0.9921875,1.0,1.0,1.0,57.95054245,85.53515625,3,0,True,75,75,0.8,1e-05,2234.45214844,7.71175135,8.96402378,False,True
"[0, 3, 4, 5, 6, 7, 8, 9, 10, 11, 12, 13, 14, 15, 16, 17, 18, 19, 20, 21, 23, 25, 26, 27, 29, 30, 31, 32, 33, 34, 35, 37, 38, 39, 40, 41, 42, 43, 44, 45, 46, 47, 48, 49, 51, 52, 54, 55, 56, 58, 59, 60, 61, 62, 63, 64, 65, 66, 67, 68, 70, 71, 72, 73, 74, 75, 76, 78, 79, 80, 81, 83, 85, 86, 87, 88, 89, 90, 91, 92, 93, 94, 95, 96, 97, 98, 99]",87,741.76550293,793.8066455,7.63007904,13.24845695,3.63984298,2.9163909,0.42354291,-4.2913785,4.2913785,3,0.03448276,0.15411336,0.16145005,-0.08011049,63.66471481,0.6356591,0.07108051,0.16693532,0.05730492,0.63664716,0.09557794,0.46147043,0.56115931,0.66446388,0.7114765,0.7582044,0.48906609,0.55012339,0.69162405,0.70522225,0.71125239,63.664711,0.04289822,0.04924364,0.63565916,0.63800246,0.69197863,0.16693532,0.16345282,0.23417793,0.29505983,0.32991073,0.19391769,0.24193221,0.24613114,0.07108052,0.075141,0.08050368,0.08402434,0.08487276,1.91762781,0.12211955,0.87921876,1.0,1.0,1.0,1.0,63.664711,87.921875,4,0,True,100,100,0.8,1e-05,1922.90942383,7.56159464,7.8282122,False,True
"[0, 1, 3, 4, 5, 6, 7, 8, 9, 10, 11, 12, 13, 14, 15, 16, 17, 18, 19, 20, 21, 22, 23, 24, 25, 26, 27, 29, 30, 31, 32, 33, 34, 35, 37, 38, 39, 40, 41, 42, 43, 44, 45, 46, 47, 48, 49, 51, 52, 54, 55, 56, 58, 59, 60, 62, 63, 64, 65, 66, 67, 68, 70, 71, 72, 73, 74, 75, 76, 78, 79, 80, 81, 83, 85, 86, 87, 88, 89, 90, 91, 92, 93, 94, 95, 96, 97, 98, 99]",89,619.05755615,661.44167711,7.25551603,12.06377411,3.47329442,2.73941064,0.47508996,-3.97769451,3.97769451,2,0.04444444,0.08942044,0.16542687,-0.37456301,69.09502411,0.58264917,0.08612765,0.24763279,0.05533614,0.69095021,0.12433827,0.4618111,0.58253998,0.73978668,0.78881723,0.83434331,0.48803681,0.57890832,0.76247597,0.78229612,0.79737955,69.09501648,0.04055087,0.05617702,0.58264917,0.57327425,0.6912474,0.24763279,0.23823026,0.35509089,0.46349052,0.52450705,0.24869081,0.44117722,0.4699814,0.08612765,0.08647887,0.0989538,0.10917998,0.11508047,2.92622089,0.18907318,0.89394534,1.0,1.0,1.0,1.0,69.09501648,89.39453125,5,0,True,125,125,0.8,1e-05,1209.98364258,7.09836212,6.53755523,False,True
"[3, 4, 5, 7, 8, 9, 10, 11, 13, 14, 15, 16, 17, 18, 19, 20, 21, 22, 23, 24, 25, 26, 27, 29, 30, 31, 32, 33, 34, 35, 37, 38, 39, 40, 41, 42, 43, 44, 45, 46, 47, 48, 49, 51, 52, 54, 55, 56, 60, 62, 63, 64, 65, 66, 67, 68, 70, 72, 73, 74, 75, 76, 78, 80, 83, 85, 86, 87, 89, 90, 91, 92, 93, 94, 95, 96, 97, 98, 99]",79,537.68804932,565.56870251,6.83876151,11.39104939,3.37506287,2.62876368,0.50436106,-3.58378458,3.58378458,-10,0.11235955,0.05576404,0.13144094,-0.41675452,66.56354523,0.58830929,0.08966658,0.26580125,0.03164855,0.66563547,0.14771649,0.39860785,0.53292608,0.7240485,0.78351384,0.8385092,0.42439905,0.53541398,0.74041224,0.77490538,0.82121497,66.56354523,0.0441179,0.05680295,0.58830935,0.58889258,0.69104898,0.26580125,0.21782577,0.3800388,0.56408459,0.68714452,0.21214403,0.51790351,0.69519806,0.08966658,0.08527903,0.10478786,0.11702184,0.13719429,3.37104011,0.21789943,0.80093747,1.0,1.0,1.0,1.0,66.56354523,80.09375,6,0,True,150,150,0.8,1e-05,812.32177734,6.69989654,5.25442764,False,True
"[3, 4, 7, 8, 9, 10, 11, 13, 14, 16, 17, 18, 19, 20, 21, 23, 24, 25, 26, 27, 29, 30, 31, 32, 34, 35, 37, 38, 40, 41, 42, 43, 44, 45, 46, 47, 48, 49, 51, 52, 54, 55, 56, 60, 62, 64, 65, 66, 67, 70, 72, 74, 78, 80, 83, 85, 86, 87, 89, 90, 91, 92, 94, 95, 96, 97, 98, 99]",68,475.27911377,495.63789085,6.41897527,8.7305584,2.95475183,2.39511204,0.62012238,-2.94453359,2.94453359,-11,0.13924051,0.23355978,0.11606904,-0.41978624,60.89405441,0.607382,0.08928294,0.26811016,0.05865067,0.60894054,0.16970813,0.31302947,0.452815,0.66663074,0.74221903,0.82702208,0.33554354,0.4500308,0.68080699,0.73234665,0.81700414,60.89405441,0.05093672,0.05808213,0.607382,0.62289572,0.6882171,0.26811019,0.19375879,0.36471701,0.58811212,0.83873558,0.19229719,0.55725896,0.82033205,0.08928294,0.08424143,0.09851548,0.11470973,0.14698604,3.70283222,0.24460787,0.69988281,1.0,1.0,1.0,1.0,60.89405441,69.98828125,7,0,True,175,175,0.8,1e-05,514.97784424,6.24412388,3.9711333,False,True
"[3, 4, 7, 8, 9, 10, 11, 13, 14, 16, 17, 18, 20, 21, 23, 25, 26, 27, 29, 30, 31, 32, 34, 37, 38, 40, 41, 42, 43, 44, 45, 46, 47, 48, 49, 51, 52, 54, 55, 56, 60, 62, 64, 65, 66, 67, 70, 72, 74, 78, 80, 83, 85, 86, 87, 89, 90, 91, 92, 94, 95, 96, 97, 98, 99]",65,428.10559082,444.9530584,5.97077814,7.06362247,2.65774763,2.18958759,0.69265287,-2.60744166,2.60744166,-3,0.04411765,0.19093119,0.09925436,-0.44819713,53.87826538,0.62065357,0.08684608,0.2552616,0.07127232,0.53878266,0.1813775,0.23835957,0.37129244,0.57951391,0.67593586,0.80442399,0.26822194,0.37199256,0.59477818,0.66643524,0.79483283,53.8782692,0.05807667,0.06363981,0.62065351,0.64108407,0.6891939,0.2552616,0.16344875,0.31516677,0.56067801,0.8689065,0.15229556,0.53761947,0.81590354,0.08684609,0.08147442,0.09452043,0.10907306,0.14358744,3.87477732,0.29108974,0.62636721,0.93164062,0.99609375,1.0,1.0,53.8782692,62.63671875,8,0,True,200,200,0.8,1e-05,331.2956543,5.80301119,3.05301342,False,True
"[7, 8, 9, 10, 13, 14, 16, 20, 23, 25, 26, 31, 32, 34, 37, 40, 41, 42, 43, 44, 45, 47, 48, 49, 51, 54, 55, 60, 64, 65, 66, 67, 72, 78, 80, 83, 85, 86, 87, 89, 91, 92, 94, 95, 96, 97, 99]",47,390.7678833,404.04280238,5.77408868,6.27284431,2.5045647,1.89247739,0.72706062,-2.39454794,2.39454794,-18,0.27692308,0.1119508,0.08721612,-0.19668946,46.44385147,0.61561304,0.08783843,0.24554566,0.07487513,0.46443853,0.18704908,0.17916247,0.30255368,0.47744194,0.59549719,0.79092234,0.22081943,0.2893911,0.49277136,0.57777685,0.77935004,46.44384766,0.07214507,0.07949219,0.61561292,0.65483743,0.69198912,0.24554566,0.14777718,0.27617097,0.53831273,0.89964062,0.13793224,0.50409007,0.85634041,0.08783843,0.07945308,0.0910591,0.11742295,0.15236056,3.97179866,0.29615709,0.45480469,0.47070312,0.84472656,0.97734374,1.0,46.44384766,45.48046875,9,0,True,225,225,0.8,1e-05,319.56069946,5.76694724,2.38124657,False,True
"[8, 10, 13, 16, 31, 37, 40, 41, 45, 48, 49, 64, 67, 78, 80, 85, 86, 91, 95, 96, 99]",21,353.1305542,366.67761406,5.76828312,4.64157009,2.15443034,1.55042076,0.79803943,-2.14216661,2.14216661,-26,0.55319149,0.26005336,0.09631633,-0.00580556,38.72840881,0.58396631,0.0887664,0.23341745,0.0774361,0.3872841,0.19327633,0.11942248,0.23478243,0.36902112,0.50596762,0.77520669,0.17246066,0.2256511,0.38727349,0.48464,0.76499319,38.72841263,0.09198034,0.10401675,0.58396631,0.63127041,0.69118476,0.23341745,0.13026646,0.25018969,0.51092511,0.93227571,0.13192196,0.45454305,0.9142819,0.08876641,0.08066152,0.09128813,0.12007284,0.15693527,3.99436092,0.35021308,0.25941408,0.140625,0.43554688,0.73554683,1.0,38.72841263,25.94140625,10,0,True,250,250,0.8,1e-05,357.41650391,5.87890178,2.10209999,False,True
"[10, 31, 41, 64, 67, 80, 86, 96]",8,323.16943359,333.61090476,5.79545234,2.98976994,1.72909512,1.28814363,0.86991134,-1.96135342,1.96135342,-13,0.61904762,0.35587099,0.08484432,0.02716922,32.3837471,0.53939134,0.0915294,0.21424618,0.06344665,0.32383746,0.19578902,0.08258589,0.17689563,0.28538162,0.42353821,0.75612384,0.14561175,0.1923506,0.31111345,0.37386194,0.74541926,32.3837471,0.11240534,0.13018632,0.53939134,0.57398605,0.68757141,0.2142462,0.10964543,0.21922459,0.46864,0.92026192,0.11538049,0.39625984,0.90847266,0.09152941,0.08313445,0.09646828,0.13359161,0.16183521,3.90618515,0.3596364,0.16015625,0.07226562,0.17675781,0.4296875,1.0,32.3837471,16.015625,11,0,True,275,275,0.8,1e-05,344.25558472,5.84138436,1.99385333,False,True
"[10, 41, 64, 67, 80, 86, 96]",7,296.8850708,305.47804118,5.918049,2.30115485,1.51695578,1.17007589,0.89987385,-1.84695244,1.84695244,-1,0.125,0.23032377,0.08133307,0.12259665,27.34416008,0.48931286,0.09081792,0.19431494,0.05039588,0.27344161,0.19727717,0.05461654,0.13053961,0.22118644,0.35976085,0.730654,0.12586106,0.16587558,0.25219002,0.29072306,0.70411479,27.34416008,0.11499472,0.14383084,0.48931283,0.50985312,0.6795752,0.19431491,0.08430877,0.18354023,0.42995399,0.9336682,0.08344223,0.36590263,0.90401483,0.09081793,0.08242095,0.09716988,0.12765081,0.16528125,3.85402799,0.34851289,0.11980469,0.04492188,0.08984375,0.21523437,0.98496091,27.34416008,11.98046875,12,0,True,300,300,0.8,1e-05,310.15606689,5.73707561,1.92965652,False,True
"[10, 41, 64, 67, 80, 86, 96]",7,293.20306396,304.25054346,5.91929343,2.35750079,1.53541551,1.18745697,0.89742216,-1.85008764,1.85008764,0,0.0,0.0,0.01240213,0.00124443,26.92982864,0.48471612,0.09027276,0.19232889,0.00872917,0.26929832,0.19704664,0.05025622,0.1263909,0.21803096,0.35325715,0.7260989,0.11883556,0.16658504,0.25113815,0.28811175,0.7031948,26.92983055,0.11783993,0.14432417,0.48471612,0.50738782,0.6786859,0.19232891,0.08254334,0.18101412,0.43293482,0.94019467,0.08019672,0.37202227,0.92141593,0.09027277,0.0822098,0.0908491,0.13018458,0.1704025,3.83454943,0.35482034,0.11804687,0.04882812,0.0859375,0.20351556,0.98496091,26.92983055,11.8046875,13,1,False,301,1,0.8,1e-05,376.34011841,5.9304933,1.85967585,False,True
"[10, 41, 64, 67, 80, 86, 96]",7,273.87411499,282.02269136,5.80730731,2.63251233,1.62250187,1.28640914,0.88545606,-1.89340377,1.89340377,0,0.0,0.0,0.06592342,-0.11198612,21.824646,0.42134938,0.08575448,0.17610715,0.05106271,0.2182465,0.19402023,0.02803854,0.08416121,0.15869352,0.28298798,0.68691158,0.09267528,0.12519372,0.18820605,0.22291817,0.65928131,21.82464981,0.11067219,0.14006218,0.42134935,0.4268924,0.65893161,0.17610714,0.06107873,0.14404806,0.38513082,0.97650915,0.06415398,0.33840355,0.94773328,0.08575448,0.07436074,0.0870691,0.11047927,0.17791052,3.89984679,0.39494139,0.08832031,0.01953125,0.046875,0.06679687,0.96621084,21.82464981,8.83203125,14,1,False,325,25,0.8,1e-05,295.53942871,5.68880226,1.63859761,False,True
"[10, 41, 64, 80, 86, 96]",6,253.49119568,260.29100902,5.72958838,2.69742465,1.64238383,1.30863714,0.88263165,-1.96110916,1.96110916,-1,0.14285714,0.0,0.07442441,-0.07771893,17.34282112,0.3597106,0.07963787,0.16043621,0.0448742,0.17342821,0.18440399,0.01763057,0.05747651,0.11217445,0.21176392,0.63697183,0.06445631,0.10158831,0.14219016,0.16086784,0.61167216,17.34282112,0.09230281,0.11593056,0.35971066,0.3467645,0.61886841,0.16043623,0.04458547,0.11255877,0.34380209,0.96785432,0.04047187,0.31952301,0.94774896,0.07963786,0.06867164,0.0772939,0.11452565,0.18167847,3.83591366,0.39982346,0.07011719,0.00585938,0.01269531,0.02773437,0.86503851,17.34282112,7.01171875,15,1,False,350,50,0.8,1e-05,228.86190796,5.4331188,1.43711531,False,True
"[10, 41, 64, 80, 86, 96]",6,236.20767212,241.04987943,5.63216709,3.07165146,1.75261275,1.39824414,0.86634857,-2.0651195,2.0651195,0,0.0,0.0,0.06818195,-0.09742129,13.63484859,0.29126897,0.07415229,0.15180072,0.03863172,0.1363485,0.18225043,0.00996493,0.03524256,0.07482183,0.14863682,0.61081225,0.04890791,0.07023889,0.09218296,0.10927796,0.58162749,13.63484859,0.07271481,0.08995936,0.29126894,0.26280287,0.55649281,0.15180071,0.03234408,0.08925401,0.31662968,1.00185835,0.02691815,0.27131993,0.97110969,0.0741523,0.06102467,0.07280518,0.11603683,0.17652589,3.94591379,0.38308811,0.06203125,0.0,0.00390625,0.0078125,0.82480395,13.63484859,6.203125,16,1,False,375,75,0.8,1e-05,485.47470093,6.18512718,1.36528844,False,True
"[10, 41, 64, 80, 86, 96]",6,222.44436646,226.03789816,5.52788467,2.82974577,1.68218482,1.34866524,0.87687419,-2.03565693,2.03565693,0,0.0,0.07875428,0.05826782,-0.10428242,12.59589863,0.27124292,0.07206883,0.14767601,0.01280858,0.12595899,0.18108597,0.00919058,0.03212812,0.06527011,0.12813413,0.61119521,0.04569115,0.06366508,0.07772222,0.0911074,0.57400697,12.59589958,0.06534767,0.07497716,0.27124292,0.23884055,0.52898896,0.14767599,0.03015673,0.08031932,0.30268759,1.02739978,0.02181139,0.24057782,0.97722298,0.07206883,0.06068695,0.07072507,0.11608944,0.15879102,3.88571835,0.33399481,0.06050781,0.0,0.00390625,0.00390625,0.79921782,12.59589958,6.05078125,17,1,False,400,100,0.8,1e-05,197.03648376,5.28338891,1.30911154,False,True
"[10, 41, 64, 80, 86, 96]",6,212.08343506,215.54067209,5.51394267,2.86124969,1.69152289,1.35854101,0.87550341,-2.07791829,2.07791829,0,0.0,0.0,0.04657763,-0.013942,11.65418053,0.24957861,0.06758521,0.14366418,0.01112688,0.1165418,0.18211864,0.00862199,0.02786424,0.05542941,0.10958333,0.61179239,0.04537774,0.05477909,0.0646774,0.07890975,0.56256407,11.65418053,0.05491817,0.07156372,0.24957862,0.21171837,0.50090742,0.14366421,0.02648462,0.07127512,0.28402653,1.02334106,0.01812906,0.21554136,0.98021621,0.06758521,0.05272412,0.06634831,0.11107142,0.16022407,3.87543368,0.31714553,0.05902344,0.0,0.0,0.00429687,0.76230359,11.65418053,5.90234375,18,1,False,425,125,0.8,1e-05,286.74926758,5.6586082,1.22450178,False,True
"[10, 41, 64, 80, 86, 96]",6,205.35792542,208.06597031,5.43534269,2.97711229,1.72543105,1.37745988,0.87046209,-2.09604621,2.09604621,0,0.0,0.0,0.03171162,-0.07859998,11.26478958,0.23932438,0.06483574,0.14327742,0.005771,0.1126479,0.18343252,0.00769401,0.02611001,0.05186276,0.10139745,0.60744572,0.0415274,0.05267423,0.05967196,0.07246217,0.56460267,11.26478863,0.05068254,0.06826577,0.23932436,0.20119783,0.4823125,0.14327742,0.02537553,0.06836376,0.27772418,1.04085445,0.01721404,0.19820917,0.98365802,0.06483574,0.0520377,0.06564879,0.09662706,0.15191497,3.91947579,0.28459039,0.05917969,0.0,0.0,0.00390625,0.79863191,11.26478863,5.91796875,19,1,False,450,150,0.8,1e-05,209.85313416,5.34640792,1.19148542,False,True
"[10, 41, 64, 80, 86, 96]",6,201.04794312,202.32564117,5.4750253,2.93075895,1.71194596,1.37702811,0.87247898,-2.12019658,2.12019658,0,0.0,0.0155699,0.02098766,0.03968261,10.77639961,0.22470397,0.06123706,0.1413943,0.00740892,0.107764,0.18617073,0.00661965,0.02304606,0.04695962,0.0925131,0.61422223,0.03901638,0.04684228,0.0535632,0.06535392,0.55719435,10.77639961,0.04683751,0.06663614,0.22470397,0.18578964,0.46075597,0.14139429,0.02294212,0.06313793,0.26990712,1.05076325,0.01644652,0.20061727,0.98355514,0.06123706,0.047929,0.06051315,0.11749338,0.15509003,3.95569515,0.29083318,0.05832031,0.0,0.0,0.00390625,0.74394405,10.77639961,5.83203125,20,1,False,475,175,0.8,1e-05,288.25735474,5.66385367,1.08431263,False,True
"[10, 41, 64, 80, 86, 96]",6,195.96459961,197.5832912,5.62129596,2.83749723,1.68448723,1.3583194,0.87653691,-2.06950593,2.06950593,0,0.0,0.0318217,0.02528424,0.14627066,10.97642231,0.22840014,0.05953104,0.14157464,0.00492446,0.10976424,0.18794718,0.00806377,0.02539286,0.04859136,0.09223649,0.63099819,0.0379152,0.04747095,0.05376478,0.06801038,0.57032681,10.97642326,0.04628325,0.06391309,0.22840011,0.19074124,0.45539576,0.14157465,0.02357184,0.06398809,0.28702921,1.03921878,0.01637589,0.21689688,0.98082197,0.05953104,0.04845666,0.05948936,0.10800517,0.14689356,3.9045856,0.24375276,0.05953125,0.0,0.0,0.00390625,0.81406164,10.97642326,5.953125,21,1,False,500,200,0.8,1e-05,244.78175354,5.50036701,1.16592165,False,False
"[10, 41, 64, 80, 86, 96]",6,193.87158203,194.05054368,5.42255738,2.85099292,1.68848835,1.35737729,0.8759497,-2.12482405,2.12482405,0,0.0,0.0,0.01068059,-0.19873858,10.6650095,0.21938425,0.05646248,0.13887657,0.00520353,0.10665009,0.18932636,0.00721642,0.02360759,0.04543296,0.08710647,0.6279875,0.03718762,0.04499622,0.05025713,0.06444868,0.5631271,10.6650095,0.04168086,0.06374269,0.21938425,0.18117428,0.43966618,0.13887657,0.02242263,0.06131052,0.26373172,1.02455914,0.01430799,0.19832057,0.95943213,0.05646246,0.04219676,0.05968368,0.10873365,0.13685264,3.88623095,0.23134722,0.05894531,0.0,0.0,0.00390625,0.81074131,10.6650095,5.89453125,22,1,False,525,225,0.8,1e-05,152.12315369,5.02469041,1.09564827,False,False
"[10, 41, 64, 80, 86, 96]",6,187.70834351,189.85642243,5.26242295,2.88804388,1.69942457,1.36152267,0.87433756,-2.13559341,2.13559341,0,0.0,0.0,0.03179031,-0.16013442,10.50657654,0.2120523,0.05444012,0.13919644,0.00475777,0.10506579,0.19241798,0.00670007,0.02231952,0.04331577,0.08292708,0.63170338,0.03459257,0.04251789,0.04726088,0.05866095,0.57358384,10.50657749,0.03904052,0.05938656,0.2120523,0.17469516,0.42367128,0.13919646,0.02140372,0.05896338,0.26839644,1.04536617,0.01738683,0.21658839,0.97599381,0.05444012,0.04023098,0.05532648,0.11612906,0.1421591,3.92739034,0.25117049,0.05902344,0.0,0.0,0.00039062,0.83281171,10.50657749,5.90234375,23,1,False,550,250,0.8,1e-05,171.18009949,5.14271622,1.02527421,False,True
"[10, 41, 64, 80, 86, 96]",6,184.62814331,185.76530227,5.25411056,2.72538853,1.65087508,1.34432805,0.8814149,-2.05472231,2.05472231,0,0.0,0.05632025,0.0164095,-0.00831239,10.84430599,0.21532345,0.0537538,0.1408677,0.0048178,0.10844308,0.19700831,0.00751601,0.02417612,0.04538443,0.08503214,0.66836381,0.03331208,0.04298547,0.04817844,0.06316838,0.5881452,10.8443079,0.03984562,0.05688026,0.21532345,0.1798124,0.42372945,0.1408677,0.02224004,0.06059731,0.2802349,1.05384254,0.01606823,0.23358265,0.98221761,0.0537538,0.04008008,0.05532761,0.11830837,0.14226179,3.93752432,0.22668405,0.05988281,0.0,0.0,0.00390625,0.8589837,10.8443079,5.98828125,24,1,False,575,275,0.8,1e-05,160.61965942,5.07903921,0.9316219,False,True
"[10, 41, 64, 80, 86, 96]",6,180.10124207,182.07720565,5.21900033,2.85709453,1.69029421,1.39644217,0.87568421,-2.09487295,2.09487295,0,0.0,0.0,0.02451902,-0.03511023,10.9196682,0.2138157,0.05339475,0.14247181,0.00366165,0.10919666,0.19997509,0.00789308,0.02427136,0.04528916,0.08471093,0.66690069,0.03555847,0.04355162,0.04758534,0.06266039,0.58939397,10.9196682,0.03722061,0.05784646,0.21381569,0.17920239,0.41349244,0.14247179,0.02223562,0.06230066,0.28711551,1.05819798,0.01784608,0.22740158,0.98364127,0.05339475,0.03980142,0.05397614,0.11251581,0.13735265,3.96019125,0.22018573,0.06015625,0.0,0.0,0.00039062,0.90331984,10.9196682,6.015625,25,1,False,600,300,0.8,1e-05,150.94064331,5.01688667,0.973172,False,False
"[10, 41, 64, 80, 86, 96]",6,178.03146362,178.6993183,5.41441297,2.77197051,1.66492357,1.37838531,0.87938806,-2.09198046,2.09198046,0,0.0,0.02979391,0.01149231,0.19541264,10.8596859,0.20992151,0.05020137,0.1411199,0.00356766,0.10859686,0.20229541,0.00785334,0.02424332,0.04495122,0.08265731,0.67767864,0.03314531,0.04031026,0.04639851,0.06178656,0.59367657,10.8596859,0.03454436,0.05444989,0.20992154,0.17779918,0.4018344,0.1411199,0.02228839,0.06127767,0.29213542,1.04255104,0.01794343,0.2421905,0.95801902,0.05020138,0.03553861,0.05232514,0.10880718,0.12481855,3.93968153,0.21554063,0.06027344,0.0,0.0,0.00390625,0.91464806,10.8596859,6.02734375,26,1,False,625,325,0.8,1e-05,238.32723999,5.47364469,1.04603187,False,False
"[10, 41, 64, 80, 86, 96]",6,175.12275696,175.77779897,5.48322648,3.02283287,1.7386296,1.45051527,0.86847273,-2.13194633,2.13194633,0,0.0,0.0,0.01633816,0.06881351,10.70648766,0.20132203,0.04802425,0.14386272,0.00455771,0.10706486,0.20607409,0.00678423,0.02267739,0.04236401,0.07875918,0.70048434,0.02524574,0.03876815,0.04325049,0.06146864,0.61514276,10.70648575,0.0327629,0.05005083,0.20132202,0.16900125,0.38338837,0.14386272,0.02091691,0.06044667,0.29354995,1.0875262,0.01707559,0.233403,1.01687026,0.04802424,0.03373012,0.05103225,0.1005402,0.12894519,4.05429077,0.20247301,0.06089844,0.0,0.0,0.00039062,0.96660137,10.70648575,6.08984375,27,1,False,650,350,0.8,1e-05,269.71670532,5.59737217,1.02391497,False,False
"[10, 41, 64, 80, 86, 96]",6,173.03198242,172.98895374,5.22675735,2.76983976,1.66428356,1.40745986,0.87948078,-2.051162,2.051162,0,0.0,0.08369404,0.01193891,-0.25646913,10.83944893,0.20456199,0.04802807,0.14137539,0.00323647,0.10839448,0.20622189,0.00733709,0.02369042,0.04348601,0.08123278,0.70221734,0.02871276,0.03817596,0.044894,0.06242454,0.61011553,10.83944798,0.03271867,0.05131315,0.20456199,0.17204221,0.38826352,0.14137539,0.02175229,0.06163693,0.29060203,1.06270957,0.01923963,0.24551743,0.97833067,0.04802806,0.03316561,0.05353371,0.10981599,0.12995282,3.93895221,0.1948276,0.0609375,0.0,0.0,0.0,0.94804662,10.83944798,6.09375,28,1,False,675,375,0.8,1e-05,209.28938293,5.3437179,0.92115821,False,True
"[10, 41, 64, 80, 86, 96]",6,168.99908447,169.57664909,5.19468176,2.82806897,1.68168635,1.43350101,0.87694715,-2.09484386,2.09484386,0,0.0,0.0,0.02330724,-0.03207559,11.0634737,0.20575061,0.0479077,0.1433906,0.00378782,0.11063471,0.2096335,0.00741358,0.02453951,0.04501284,0.08220171,0.73597133,0.02815721,0.03935848,0.044893,0.06843923,0.63420171,11.06347275,0.03122001,0.05183514,0.20575061,0.17550156,0.38791347,0.14339058,0.02272744,0.06490451,0.30680647,1.06399894,0.02135667,0.27219194,0.99257326,0.0479077,0.03321952,0.05269706,0.10845579,0.1302772,3.94417,0.18895955,0.06082031,0.0,0.0,0.0,0.97773427,11.06347275,6.08203125,29,1,False,700,400,0.8,1e-05,273.43917847,5.61107921,0.92529433,False,False
"[10, 41, 64, 80, 86, 96]",6,165.30519104,166.24594588,5.21997645,2.80973053,1.67622508,1.43399298,0.87774508,-2.08173943,2.08173943,0,0.0,0.00648444,0.02185748,0.02529469,11.21412945,0.2070877,0.04639287,0.14490782,0.0032122,0.11214128,0.21135134,0.00727888,0.02487456,0.04613034,0.08447294,0.7387808,0.02939727,0.03840102,0.04595663,0.07307801,0.63888204,11.21412849,0.03082037,0.05132298,0.2070877,0.17772701,0.38818967,0.14490782,0.02373896,0.06826778,0.30521682,1.07134771,0.02318035,0.27505121,0.99619949,0.04639287,0.03103179,0.05773693,0.10657012,0.13127746,3.94389963,0.20806071,0.06089844,0.0,0.0,0.0,0.97402334,11.21412849,6.08984375,30,1,False,725,425,0.8,1e-05,161.73521423,5.08596052,0.88617177,False,True
"[10, 41, 64, 80, 86, 96]",6,162.14176941,163.2040166,5.15046773,2.70414829,1.64442947,1.40910316,0.88233909,-2.01422691,2.01422691,0,0.0,0.03757735,0.01913686,-0.06950872,11.1603632,0.20185393,0.04335979,0.14643739,0.00386793,0.11160363,0.21430443,0.00687334,0.02433232,0.04472245,0.08230268,0.752608,0.02453492,0.03519811,0.04337139,0.07207973,0.6503014,11.1603632,0.02765496,0.04740376,0.20185393,0.17255263,0.37795338,0.14643739,0.02387595,0.07194653,0.30400065,1.07222402,0.02442762,0.28736043,0.9930802,0.04335979,0.02861977,0.05193701,0.10446309,0.12271211,3.97569132,0.1694078,0.0615625,0.0,0.0,0.0,0.98886716,11.1603632,6.15625,31,1,False,750,450,0.8,1e-05,152.63973999,5.0280805,0.87878314,False,True
"[10, 41, 64, 80, 86, 96]",6,158.57498169,159.82629723,5.05606352,2.72284698,1.65010514,1.40910482,0.88152549,-2.03775907,2.03775907,0,0.0,0.0,0.02199796,-0.09440421,11.23176289,0.20106709,0.04319494,0.14823899,0.00299214,0.1123176,0.21609312,0.00657789,0.02419049,0.04533377,0.08264678,0.79160714,0.02263166,0.03535144,0.04237481,0.0754956,0.66994166,11.23176098,0.02729583,0.04435968,0.20106709,0.17341131,0.37697196,0.14823899,0.02550942,0.07527357,0.31381658,1.07347465,0.02662783,0.29130918,0.98712432,0.04319494,0.03018192,0.05229109,0.09883165,0.12147523,3.99077463,0.18471797,0.06128906,0.0,0.0,0.0,0.99628901,11.23176098,6.12890625,32,1,False,775,475,0.8,1e-05,156.69699097,5.05431395,0.8428632,False,True
"[10, 41, 64, 80, 86, 96]",6,154.94143677,156.2960086,5.15317722,2.58169556,1.60676556,1.37411523,0.88766717,-1.94266772,1.94266772,0,0.0,0.05183965,0.02291373,0.0971137,11.4448061,0.2028565,0.04198497,0.15169713,0.00407009,0.11444807,0.21829399,0.00646889,0.02455595,0.04633906,0.08521551,0.78342932,0.02095739,0.03512648,0.04403599,0.07909246,0.69498849,11.44480705,0.02558007,0.04381177,0.20285653,0.17476332,0.38371915,0.15169714,0.02818565,0.08204804,0.32386869,1.08735943,0.0317824,0.3044596,1.00961566,0.04198497,0.02722209,0.05317803,0.09415984,0.12308063,3.9950273,0.17947078,0.06199219,0.0,0.0,0.0,0.99238276,11.44480705,6.19921875,33,1,False,800,500,0.8,1e-05,147.24508667,4.99209845,0.85474566,False,False
"[10, 41, 64, 80, 86, 96]",6,151.21238708,152.92565843,5.10913207,2.5308485,1.59086407,1.3542124,0.88987959,-1.9496218,1.9496218,0,0.0,0.01969522,0.02406748,-0.04404515,11.38917923,0.19915801,0.0392277,0.15319911,0.00276125,0.1138918,0.21981126,0.00619887,0.02365823,0.04514876,0.08453488,0.8106491,0.01870081,0.03210365,0.04239255,0.08045998,0.71116668,11.38917923,0.02433769,0.04156498,0.199158,0.17015237,0.37897056,0.15319911,0.02967941,0.08852522,0.34123889,1.07107306,0.03299805,0.32217038,1.00170732,0.0392277,0.02488652,0.04868535,0.09650639,0.11795776,3.9899652,0.16883756,0.06214844,0.0,0.0,0.00039062,1.0,11.38917923,6.21484375,34,1,False,825,525,0.8,1e-05,155.60136414,5.04729738,0.86262225,False,False
"[10, 41, 64, 80, 86, 96]",6,149.83392334,149.69615684,5.05739756,2.44685078,1.56424128,1.32400155,0.89353443,-1.90893221,1.90893221,0,0.0,0.03318955,0.00911608,-0.05173451,11.67430496,0.20437145,0.0387403,0.15799838,0.00382473,0.11674305,0.22091855,0.00574725,0.02506325,0.04814415,0.08874534,0.83411258,0.01635714,0.03169594,0.04551442,0.08465821,0.72982126,11.67430401,0.02326868,0.03731161,0.20437147,0.17774191,0.38610509,0.15799838,0.03486478,0.0994809,0.34792987,1.06054723,0.04034984,0.35276464,0.98347396,0.0387403,0.02584448,0.04882818,0.09286772,0.11785448,3.99783516,0.1667221,0.06257813,0.0,0.0,0.0,1.0,11.67430401,6.2578125,35,1,False,850,550,0.8,1e-05,158.80430603,5.06767266,0.79645652,False,True
"[10, 41, 64, 80, 86, 96]",6,144.46551514,146.36372809,5.03942992,2.36415792,1.53758184,1.30363512,0.8971325,-1.86714053,1.86714053,0,0.0,0.03379563,0.03582906,-0.01796764,11.65086555,0.20173569,0.03773831,0.16105574,0.00266599,0.11650865,0.2221818,0.00497599,0.02418372,0.04774057,0.0889203,0.83613348,0.01338688,0.03051617,0.04559335,0.08555175,0.75869626,11.6508646,0.02250664,0.03791237,0.20173569,0.17622262,0.38233185,0.16105574,0.03880804,0.10595819,0.36379966,1.06669199,0.04159748,0.36153024,0.99602985,0.03773832,0.02658917,0.04631881,0.09125962,0.11781513,4.01439095,0.16741531,0.06308594,0.0,0.0,0.0,1.0,11.6508646,6.30859375,36,1,False,875,575,0.8,1e-05,155.02322388,5.04357494,0.86201529,False,False
"[10, 41, 64, 80, 86, 96]",6,141.79328918,142.90872783,5.06283818,2.33102703,1.52677013,1.297171,0.89857407,-1.84603751,1.84603751,0,0.0,0.01401382,0.01849733,0.02340826,11.66996956,0.19956884,0.03608626,0.165003,0.00326849,0.1166997,0.22383843,0.00421372,0.02359399,0.04723604,0.08896782,0.85972512,0.01440029,0.0269869,0.04589891,0.08688919,0.78317624,11.66997147,0.02111151,0.03912231,0.19956887,0.17469068,0.38051897,0.165003,0.04384267,0.1168412,0.36744285,1.06393993,0.04782287,0.37327495,0.98969209,0.03608626,0.02467774,0.04538338,0.08645982,0.11527149,4.01080608,0.16063799,0.06304687,0.0,0.0,0.0,0.99628901,11.66997147,6.3046875,37,1,False,900,600,0.8,1e-05,128.11781311,4.85295026,0.8574939,False,False
"[10, 41, 64, 80, 86, 96]",6,138.17111206,139.59870131,5.09326343,2.45952868,1.56828846,1.31221557,0.8929828,-1.91226506,1.91226506,0,0.0,0.0,0.02554548,0.03042525,11.34080315,0.18853821,0.03271667,0.16796905,0.00465047,0.11340803,0.22559953,0.00261965,0.02044846,0.04455471,0.08443753,0.89006591,0.00802785,0.02345068,0.04479621,0.08169289,0.81372994,11.34080219,0.01856961,0.02969518,0.18853822,0.16551882,0.36263403,0.16796908,0.04925431,0.12127087,0.38017356,1.06241131,0.04827202,0.39059457,0.99497211,0.03271667,0.02520359,0.04090015,0.08318994,0.09868333,4.0417943,0.15747571,0.06164062,0.0,0.0,0.0,0.99628901,11.34080219,6.1640625,38,1,False,925,625,0.8,1e-05,178.34764099,5.18373468,0.95055756,False,False
"[10, 41, 64, 80, 86, 96]",6,136.08061218,136.51293139,5.16549357,2.25790787,1.50263364,1.27229321,0.90175558,-1.83180594,1.83180594,0,0.0,0.08197539,0.01512979,0.07223014,11.58206654,0.19178234,0.03122335,0.1752955,0.00364941,0.11582067,0.22721855,0.00237914,0.02064962,0.04663673,0.08822599,0.91106814,0.0075297,0.02218375,0.04798105,0.08499027,0.84689015,11.58206749,0.01744567,0.02800184,0.19178236,0.17055984,0.36674908,0.1752955,0.05842444,0.13498308,0.41389105,1.05141306,0.06014583,0.42807162,0.98752862,0.03122335,0.02304287,0.03781682,0.0782853,0.09804322,4.05265617,0.14092837,0.063125,0.0,0.0,0.0,1.0,11.58206749,6.3125,39,1,False,950,650,0.8,1e-05,183.38951111,5.21161237,0.97134225,False,False
"[10, 41, 64, 80, 86, 96]",6,131.82388306,133.4609745,5.15679414,2.31534863,1.52162697,1.2838254,0.89925626,-1.86609006,1.86609006,0,0.0,0.0,0.03128094,-0.00869943,11.68470097,0.19320142,0.03028712,0.18022399,0.00311396,0.116847,0.22779667,0.00187376,0.02023657,0.04913603,0.08954235,0.93029565,0.00706944,0.02202014,0.05181534,0.08511452,0.8658157,11.68470097,0.01665533,0.02818539,0.19320145,0.17621808,0.3665033,0.18022399,0.06826016,0.14533785,0.41390213,1.04833281,0.07446226,0.43598676,0.99579322,0.03028712,0.02279883,0.03560436,0.07677389,0.09813154,4.05307627,0.14462942,0.06265625,0.0,0.0,0.0,1.0,11.68470097,6.265625,40,1,False,975,675,0.8,1e-05,203.44596863,5.31540046,1.02845361,False,False
"[10, 41, 64, 80, 86, 96]",6,129.34971619,130.5779097,5.10908705,2.30709028,1.51891089,1.27981794,0.89961559,-1.87300277,1.87300277,0,0.0,0.00356678,0.01876873,-0.04770709,11.57640171,0.18827695,0.02860659,0.18497938,0.00308106,0.11576401,0.22903901,0.00138131,0.01845471,0.0485745,0.08787519,0.94823438,0.00632793,0.01854198,0.05064468,0.0846019,0.89043993,11.57640076,0.016016,0.02477933,0.18827695,0.17258862,0.35538936,0.18497938,0.07639951,0.15445414,0.44631171,1.04296339,0.08036064,0.47693568,0.97798938,0.02860659,0.02099551,0.03308188,0.07344059,0.09136973,4.0699687,0.14512232,0.06234375,0.0,0.0,0.0,1.0,11.57640076,6.234375,41,1,False,1000,700,0.8,1e-05,159.22410583,5.07031268,1.03351081,False,False
"[10, 41, 64, 80, 86, 96]",6,127.48484802,128.03063602,5.19140673,2.35587215,1.53488506,1.28756261,0.89749303,-1.89981127,1.89981127,0,0.0,0.0,0.01441726,0.08231968,11.46681881,0.18322763,0.02730554,0.19139057,0.00308051,0.11466816,0.23015413,0.00082437,0.01579097,0.04778155,0.08614931,0.96819073,0.00344999,0.01709833,0.05159231,0.08400352,0.91010481,11.46681786,0.01448239,0.02291016,0.18322763,0.17036599,0.3498891,0.19139057,0.08395126,0.16381368,0.47664222,1.04200697,0.08989383,0.50735861,0.98806399,0.02730554,0.02081536,0.03243566,0.07287592,0.09041496,4.12571192,0.14537095,0.06199219,0.0,0.0,0.0,1.0,11.46681786,6.19921875,42,1,False,1025,725,0.8,1e-05,190.72000122,5.25080639,1.05897388,False,False
"[10, 41, 64, 80, 86, 96]",6,124.80102539,125.54950048,5.17428411,2.34406734,1.53103473,1.28434002,0.89800667,-1.87593949,1.87593949,0,0.0,0.00501081,0.02105209,-0.01712262,11.25987339,0.17666969,0.02714181,0.19338435,0.00325397,0.11259872,0.23091057,0.00057352,0.01384671,0.04603621,0.08289773,0.97307593,0.00373452,0.01489373,0.05133059,0.07908436,0.92804629,11.25987244,0.01567229,0.0263902,0.17666972,0.163215,0.33928123,0.19338436,0.08773516,0.16935369,0.48574001,1.02608228,0.0901702,0.51627487,0.9765535,0.02714181,0.02116363,0.0318303,0.07185025,0.09153266,4.1288867,0.15436369,0.06175781,0.0,0.0,0.0,0.99609375,11.25987244,6.17578125,43,1,False,1050,750,0.8,1e-05,145.12904358,4.9776233,1.08812233,False,False
"[10, 41, 64, 80, 86, 96]",6,123.55807495,123.61604208,5.23189384,2.34267449,1.53057979,1.28004718,0.89806728,-1.85846138,1.85846138,0,0.0,0.0005942,0.00995946,0.05760973,11.28192711,0.1756538,0.02651748,0.1989968,0.002381,0.11281925,0.23160236,0.00043156,0.01257668,0.04669585,0.0837773,0.98454505,0.0031025,0.01153653,0.05305738,0.0802881,0.94580406,11.28192616,0.01365944,0.02429448,0.1756538,0.16291657,0.33964133,0.1989968,0.09515437,0.17979322,0.50821191,1.02771223,0.09949398,0.5196265,0.979702,0.02651748,0.01966718,0.0288739,0.06721231,0.0914159,4.15964413,0.17089967,0.06167969,0.0,0.0,0.0,0.99238276,11.28192616,6.16796875,44,1,False,1075,775,0.8,1e-05,186.31324768,5.22742938,1.09858387,False,False
"[10, 41, 64, 80, 86, 96]",6,121.46909332,121.97244385,5.27141894,2.40862274,1.55197382,1.29014516,0.89519778,-1.93597066,1.93597066,0,0.0,0.0,0.01690688,0.03952511,11.12241173,0.17070568,0.0253657,0.19994441,0.00260163,0.11122411,0.23213564,0.00033718,0.01108945,0.04568736,0.08067154,0.98862898,0.00189487,0.00933179,0.05292963,0.07760778,0.95287079,11.12241173,0.01194074,0.02086833,0.17070568,0.15872627,0.33112818,0.19994442,0.09635307,0.18277045,0.5106712,1.02466488,0.10662915,0.51972926,0.97676754,0.0253657,0.01918408,0.02898132,0.06794699,0.09708361,4.16273642,0.157187,0.06132812,0.0,0.0,0.0,0.99628901,11.12241173,6.1328125,45,1,False,1100,800,0.8,1e-05,258.38574219,5.55445359,1.11120908,False,False
"[10, 41, 64, 80, 86, 96]",6,120.19785309,120.32325266,5.30471075,2.50930023,1.58407709,1.30095422,0.89081718,-2.02283406,2.02283406,0,0.0,0.0,0.01046554,0.0332918,10.91246223,0.16392988,0.02442885,0.20254034,0.00281102,0.10912463,0.23284875,0.00017134,0.00910127,0.04312153,0.07739999,0.99450964,0.0017401,0.00700122,0.04994468,0.07402413,0.9655652,10.91246319,0.01294932,0.02019662,0.16392989,0.15085483,0.32378516,0.20254034,0.09713367,0.18778473,0.5250659,1.01187336,0.10575086,0.53300655,0.97359377,0.02442885,0.01837754,0.02736777,0.06039304,0.08937964,4.19340181,0.15915084,0.060625,0.0,0.0,0.0,0.99628901,10.91246319,6.0625,46,1,False,1125,825,0.8,1e-05,237.54803467,5.47036985,1.1786732,False,False
"[10, 41, 64, 80, 86, 96]",6,117.9677887,118.75940864,5.23128261,2.50985932,1.58425355,1.29985416,0.89079285,-1.99736261,1.99736261,0,0.0,0.0,0.01855328,-0.07342814,10.97360516,0.16471644,0.02586723,0.20646517,0.00156241,0.10973606,0.23310696,0.00014846,0.00815701,0.04392109,0.07855341,0.99635583,0.00128749,0.00790787,0.04968035,0.07499372,0.97295809,10.97360516,0.0132212,0.02322442,0.16471644,0.15211208,0.32664713,0.20646517,0.10127711,0.1951623,0.53185314,1.01951504,0.11249442,0.53630614,0.98629498,0.02586723,0.02114191,0.02971295,0.06436835,0.08867154,4.20868063,0.18027897,0.06058594,0.0,0.0,0.0,0.99628901,10.97360516,6.05859375,47,1,False,1150,850,0.8,1e-05,191.82270813,5.25657155,1.18953863,False,False
"[10, 41, 64, 80, 86, 96]",6,116.81987762,117.62997443,5.18900526,2.51556087,1.58605197,1.29872179,0.89054477,-2.00935698,2.00935698,0,0.0,0.0,0.00973072,-0.04227735,10.84144974,0.16100836,0.02399383,0.20819043,0.00204013,0.10841449,0.23328912,0.00011174,0.00654855,0.04314711,0.07603141,0.99796683,0.00096788,0.00535643,0.04691483,0.07356755,0.9785431,10.84144974,0.01180954,0.02064231,0.16100834,0.15215449,0.31748843,0.20819043,0.10517583,0.19794169,0.54674429,1.01260591,0.11042187,0.55142039,0.98019415,0.02399383,0.01969781,0.02660541,0.05735325,0.08944678,4.20985317,0.16835827,0.06050781,0.0,0.0,0.0,0.99628901,10.84144974,6.05078125,48,1,False,1175,875,0.8,1e-05,181.44189453,5.20093546,1.16926684,False,False
"[10, 41, 64, 80, 86, 96]",6,115.8082962,116.48487898,5.63875874,2.54033589,1.59384312,1.30091166,0.88946678,-2.07297754,2.07297754,0,0.0,0.0,0.00865933,0.44975349,10.85813332,0.16153535,0.02374251,0.2082188,0.00136967,0.10858133,0.23318943,9.754e-05,0.00606884,0.04448842,0.07618447,0.99810481,0.00088904,0.00512369,0.04816961,0.07391459,0.97937894,10.85813141,0.0116421,0.0194902,0.16153538,0.15680742,0.3172597,0.2082188,0.10988616,0.19614217,0.54408348,0.99039501,0.11882328,0.54486501,0.95595247,0.02374251,0.02007763,0.02711543,0.05995287,0.09015399,4.16848326,0.16300608,0.06042969,0.0,0.0,0.0,1.0,10.85813141,6.04296875,49,1,False,1200,900,0.8,1e-05,736.23803711,6.60155349,1.4659714,False,False
"[10, 41, 64, 80, 86, 96]",6,114.64099884,115.74171488,5.41248498,2.55482101,1.59838075,1.29987836,0.88883651,-2.10280132,2.10280132,0,0.0,0.0,0.01007957,-0.22627377,10.60666275,0.15430745,0.022641,0.21135168,0.00278019,0.10606664,0.23360929,5.581e-05,0.00469334,0.04203609,0.07183722,0.99916118,0.00055126,0.00426782,0.04532583,0.07018839,0.98641813,10.60666466,0.01085112,0.01832355,0.15430747,0.15109903,0.30501056,0.21135169,0.11172933,0.19743145,0.56276244,1.01027954,0.11802449,0.56220281,0.97652614,0.022641,0.01836041,0.02483555,0.05333945,0.08385436,4.24295378,0.17649263,0.06011719,0.0,0.0,0.0,0.99609375,10.60666466,6.01171875,50,1,False,1225,925,0.8,1e-05,181.53366089,5.2014411,1.26135643,False,False
"[10, 41, 64, 80, 86, 96]",6,114.60168457,114.89466223,5.3895877,2.57501745,1.60468609,1.30394113,0.88795774,-2.13585734,2.13585734,0,0.0,0.0,0.00034293,-0.02289728,10.62968922,0.15470411,0.02220125,0.2117684,0.00094035,0.10629688,0.23367259,4.601e-05,0.00450399,0.04221063,0.07215718,0.99942791,0.00039992,0.00410995,0.04513819,0.06990642,0.98579514,10.62968826,0.0110983,0.01751603,0.15470409,0.15315419,0.30674955,0.2117684,0.11449591,0.19843471,0.56470633,1.00607288,0.11937197,0.56708181,0.96898419,0.02220125,0.01947777,0.02593173,0.05065981,0.08515771,4.22737503,0.15143114,0.06011719,0.0,0.0,0.0,1.0,10.62968826,6.01171875,51,1,False,1250,950,0.8,1e-05,196.82061768,5.28229274,1.24630193,False,False
"[10, 41, 64, 80, 86, 96]",6,113.70478058,114.0427065,5.31970228,2.58622122,1.60817326,1.30188513,0.88747025,-2.15132618,2.15132618,0,0.0,0.0,0.00782627,-0.06988541,10.69702053,0.15686169,0.02159365,0.21283291,0.00117481,0.10697021,0.23340102,4.673e-05,0.00467783,0.04419407,0.07319548,0.99943417,0.00041736,0.00520087,0.04640557,0.07058618,0.98920953,10.69702053,0.01066274,0.0174582,0.15686169,0.15801105,0.30809799,0.21283288,0.1194986,0.19924647,0.56576902,0.98475748,0.12447917,0.57011032,0.95202601,0.02159365,0.017839,0.02373407,0.05276783,0.09337221,4.20260763,0.16016701,0.06003906,0.0,0.0,0.0,0.99628901,10.69702053,6.00390625,52,1,False,1275,975,0.8,1e-05,234.63774109,5.4580428,1.20560297,False,False
"[10, 41, 64, 80, 86, 96]",6,111.83765411,113.1557485,5.28123287,2.59171057,1.60987905,1.30278778,0.8872314,-2.15744638,2.15744638,0,0.0,0.0,0.01642083,-0.03846942,10.63116074,0.15495405,0.02187964,0.21457863,0.00100207,0.1063116,0.23347835,3.479e-05,0.00437192,0.04340798,0.07227466,0.99969107,0.00033439,0.00460604,0.04641168,0.06866585,0.98802769,10.63116074,0.01045178,0.01613403,0.15495406,0.15685178,0.3066372,0.21457863,0.12056197,0.20034213,0.57069027,0.99347478,0.12287332,0.57058251,0.95310152,0.02187964,0.01804721,0.02487824,0.05091951,0.08987027,4.22001648,0.15283439,0.06,0.0,0.0,0.0,0.99628901,10.63116074,6.0,53,1,False,1300,1000,0.8,1e-05,167.46611023,5.120781,1.22891065,False,False
"[10, 41, 64, 80, 86, 96]",6,112.13209534,112.5039171,5.25245829,2.58710074,1.60844669,1.30455947,0.88743198,-2.14773798,2.14773798,0,0.0,0.00177868,0.0,-0.02877457,10.61856556,0.15462384,0.02187567,0.21558604,0.00089327,0.10618564,0.23345713,2.951e-05,0.00441303,0.04360554,0.07234798,0.99982214,0.0002233,0.00470513,0.04641142,0.06755283,0.99132162,10.61856365,0.01044517,0.01755915,0.15462382,0.15764473,0.3065834,0.21558604,0.12377295,0.20341654,0.57668841,0.98254347,0.12161028,0.57931733,0.93954402,0.02187568,0.01762212,0.02459194,0.05007851,0.08793885,4.20739079,0.16690339,0.06,0.0,0.0,0.0,0.99628901,10.61856365,6.0,54,1,False,1325,1025,0.8,1e-05,129.11936951,4.86073732,1.20712408,False,False
"[10, 41, 64, 80, 86, 96]",6,110.34960938,111.41636292,5.56288186,2.58330584,1.60726657,1.30255437,0.8875971,-2.11741209,2.11741209,0,0.0,0.00146686,0.0158963,0.31042356,10.43161869,0.14943205,0.02381327,0.21569876,0.00210698,0.10431617,0.23366514,1.786e-05,0.00386651,0.04109669,0.06933087,0.99987805,0.00015318,0.0042466,0.04359639,0.06352843,0.99228823,10.43161678,0.01078231,0.01716207,0.14943203,0.14937255,0.29834935,0.21569878,0.12263628,0.20103282,0.58068287,0.98893178,0.12036621,0.58473116,0.95580322,0.02381327,0.01871441,0.02517819,0.05195198,0.09011731,4.22968578,0.17795701,0.05988281,0.0,0.0,0.0,0.99238276,10.43161678,5.98828125,55,1,False,1350,1050,0.8,1e-05,170.59597778,5.13929806,1.29218312,False,False
"[10, 41, 64, 80, 86, 96]",6,110.465271,110.90972849,5.45931502,2.58719277,1.60847529,1.30170417,0.88742798,-2.16801643,2.16801643,0,0.0,0.0,0.0,-0.10356684,10.32458878,0.14649214,0.02140763,0.21606581,0.00149751,0.10324588,0.23381585,1.297e-05,0.00360909,0.04004451,0.06745666,0.99995267,0.00014051,0.0038887,0.0427765,0.06269258,0.99561638,10.32458878,0.0099758,0.01545641,0.14649215,0.14623599,0.29288903,0.21606582,0.12368857,0.20002851,0.58179635,0.99432975,0.12515062,0.58779824,0.95706069,0.02140762,0.01796184,0.023735,0.04765713,0.08766661,4.23671389,0.17242225,0.06,0.0,0.0,0.0,1.0,10.32458878,6.0,56,1,False,1375,1075,0.8,1e-05,895.57727051,6.79746851,1.51660633,False,False
"[10, 41, 64, 80, 86, 96]",6,109.32642365,110.35292823,5.53608227,2.60872078,1.61515348,1.30752063,0.88649127,-2.1601572,2.1601572,0,0.0,0.0,0.01030955,0.07676725,10.50696754,0.1516358,0.02169447,0.21910401,0.00201896,0.10506967,0.23347852,1.351e-05,0.00355869,0.04252888,0.07045779,0.99993962,0.00011951,0.00429648,0.0455781,0.06573913,0.99461657,10.50696754,0.01058831,0.01794413,0.1516358,0.15444635,0.30281955,0.21910401,0.13029376,0.20753859,0.59256756,0.97918606,0.1325286,0.59924507,0.92785323,0.02169447,0.0173584,0.02413628,0.04609074,0.08874623,4.2136116,0.16366363,0.05996094,0.0,0.0,0.0,0.99257809,10.50696754,5.99609375,57,1,False,1400,1100,0.8,1e-05,202.00787354,5.30830667,1.32547064,False,False
"[10, 41, 64, 80, 86, 96]",6,109.1684494,109.85002794,5.57034337,2.63120866,1.62210008,1.31375492,0.88551279,-2.19062448,2.19062448,0,0.0,0.0,0.00144498,0.0342611,10.51659679,0.15203974,0.02063598,0.21848772,0.00082031,0.10516599,0.2334619,1.333e-05,0.00349945,0.04297727,0.07082225,0.99992156,0.00013176,0.00401587,0.04580002,0.06572784,0.99611974,10.51659966,0.00999722,0.0154162,0.15203972,0.15648596,0.30225819,0.21848769,0.13261361,0.2077371,0.58362776,0.96596217,0.13335754,0.5902217,0.92918664,0.02063598,0.01723223,0.02378915,0.04420522,0.0818802,4.17494488,0.15079509,0.06,0.0,0.0,0.0,1.0,10.51659966,6.0,58,1,False,1425,1125,0.8,1e-05,275.88729858,5.61999244,1.3736926,False,False
"[10, 41, 64, 80, 86, 96]",6,109.44236755,108.9079887,5.43062616,2.58974338,1.60926796,1.30181444,0.887317,-2.16963482,2.16963482,0,0.0,0.01575902,0.0,-0.13971721,10.28275871,0.14572158,0.02133617,0.21831551,0.00245809,0.10282758,0.23365453,7.06e-06,0.00283385,0.04005039,0.06695704,0.99996793,7.325e-05,0.00327108,0.04281098,0.06164569,0.99686027,10.28275871,0.00940357,0.01547196,0.14572158,0.14747176,0.29160917,0.21831553,0.12982136,0.20477386,0.58134294,0.97787511,0.13098289,0.59382743,0.94487214,0.02133616,0.01788842,0.02402654,0.04686445,0.0759078,4.22567081,0.16380624,0.06,0.0,0.0,0.0,1.0,10.28275871,6.0,59,1,False,1450,1150,0.8,1e-05,149.62327576,5.00812064,1.31756161,False,False
"[10, 41, 64, 80, 86, 96]",6,107.43777466,108.28511703,5.40869925,2.60177302,1.61300125,1.30266321,0.88679357,-2.17865872,2.17865872,0,0.0,0.0,0.01831642,-0.02192691,10.30740929,0.14652528,0.02033785,0.22017965,0.00063701,0.10307408,0.23356265,6.66e-06,0.00268964,0.04089025,0.06701428,0.99997544,6.105e-05,0.00299867,0.04298052,0.06221649,0.99623179,10.30740833,0.00900497,0.01429956,0.14652526,0.1502994,0.29213721,0.22017968,0.13255304,0.20753814,0.58539504,0.97583538,0.13100655,0.59820229,0.93668634,0.02033785,0.01636503,0.02177958,0.04460323,0.08015593,4.23517847,0.1628502,0.05996094,0.0,0.0,0.0,0.99628901,10.30740833,5.99609375,60,1,False,1475,1175,0.8,1e-05,159.21626282,5.07026342,1.34724392,False,False
"[10, 41, 64, 80, 86, 96]",6,106.88845825,107.41419338,5.33066135,2.58994865,1.60933174,1.3004421,0.88730806,-2.17126369,2.17126369,0,0.0,0.00454474,0.00511288,-0.0780379,10.14844131,0.14209415,0.02066774,0.22033696,0.00181897,0.10148443,0.23372395,4.26e-06,0.00225306,0.03881135,0.06416639,0.99999064,3.487e-05,0.00247357,0.04114875,0.05948636,0.99796116,10.14843941,0.00924302,0.01438658,0.14209415,0.14408578,0.28621897,0.22033693,0.1313632,0.20749539,0.59323221,0.9752968,0.1352805,0.60754323,0.94479251,0.02066774,0.01740957,0.02288321,0.0440536,0.07502196,4.25055695,0.16393596,0.06,0.0,0.0,0.0,1.0,10.14843941,6.0,61,1,False,1500,1200,0.8,1e-05,188.5665741,5.23945112,1.3193201,False,False
