setting,sim_name,seed,n,p,n_active,n_active_target,sigma2,sigma,beta_low,beta_high,data_path,beta_path,out_dir,last_out_dir,active_idx,active_idx0,beta_value,signal_var,outcome_var,snr_actual
simple,simple,400,100,500,10,10,1.0,1.0,0.3,2.0,data/n100p500/n100p500_input/simple/dataframe/seed_400.csv,data/n100p500/n100p500_input/simple/beta_true/seed_400_beta_true.csv,data/n100p500/n100p500_mcmc_output/simple/seed_400,data/n100p500/n100p500_last_output/simple/seed_400,11;19;45;69;89;116;199;257;301;335,10;18;44;68;88;115;198;256;300;334,-0.05169514939188957,9.18397045135498,10.311574935913086,9.18397045135498
simple,simple,401,100,500,10,10,1.0,1.0,0.3,2.0,data/n100p500/n100p500_input/simple/dataframe/seed_401.csv,data/n100p500/n100p500_input/simple/beta_true/seed_401_beta_true.csv,data/n100p500/n100p500_mcmc_output/simple/seed_401,data/n100p500/n100p500_last_output/simple/seed_401,16;57;141;174;211;225;281;314;430;438,15;56;140;173;210;224;280;313;429;437,0.7246015667915344,16.542743682861328,17.735952377319336,16.542743682861328
simple,simple,402,100,500,10,10,1.0,1.0,0.3,2.0,data/n100p500/n100p500_input/simple/dataframe/seed_402.csv,data/n100p500/n100p500_input/simple/beta_true/seed_402_beta_true.csv,data/n100p500/n100p500_mcmc_output/simple/seed_402,data/n100p500/n100p500_last_output/simple/seed_402,92;146;168;202;206;240;250;291;407;414,91;145;167;201;205;239;249;290;406;413,0.4891292452812195,12.094927787780762,14.00101089477539,12.094927787780762
simple,simple,403,100,500,10,10,1.0,1.0,0.3,2.0,data/n100p500/n100p500_input/simple/dataframe/seed_403.csv,data/n100p500/n100p500_input/simple/beta_true/seed_403_beta_true.csv,data/n100p500/n100p500_mcmc_output/simple/seed_403,data/n100p500/n100p500_last_output/simple/seed_403,131;179;201;311;315;332;335;375;379;439,130;178;200;310;314;331;334;374;378;438,0.3456040024757385,11.600322723388672,11.584882736206055,11.600322723388672
simple,simple,404,100,500,10,10,1.0,1.0,0.3,2.0,data/n100p500/n100p500_input/simple/dataframe/seed_404.csv,data/n100p500/n100p500_input/simple/beta_true/seed_404_beta_true.csv,data/n100p500/n100p500_mcmc_output/simple/seed_404,data/n100p500/n100p500_last_output/simple/seed_404,2;39;43;59;123;243;266;329;344;440,1;38;42;58;122;242;265;328;343;439,-0.45027440786361694,13.260062217712402,13.930180549621582,13.260062217712402
simple,simple,405,100,500,10,10,1.0,1.0,0.3,2.0,data/n100p500/n100p500_input/simple/dataframe/seed_405.csv,data/n100p500/n100p500_input/simple/beta_true/seed_405_beta_true.csv,data/n100p500/n100p500_mcmc_output/simple/seed_405,data/n100p500/n100p500_last_output/simple/seed_405,7;206;268;303;317;347;398;422;444;446,6;205;267;302;316;346;397;421;443;445,0.44969338178634644,13.064085960388184,13.582157135009766,13.064085960388184
simple,simple,406,100,500,10,10,1.0,1.0,0.3,2.0,data/n100p500/n100p500_input/simple/dataframe/seed_406.csv,data/n100p500/n100p500_input/simple/beta_true/seed_406_beta_true.csv,data/n100p500/n100p500_mcmc_output/simple/seed_406,data/n100p500/n100p500_last_output/simple/seed_406,12;19;47;134;260;415;435;461;470;498,11;18;46;133;259;414;434;460;469;497,-0.009831393137574196,16.755163192749023,19.121715545654297,16.755163192749023
simple,simple,407,100,500,10,10,1.0,1.0,0.3,2.0,data/n100p500/n100p500_input/simple/dataframe/seed_407.csv,data/n100p500/n100p500_input/simple/beta_true/seed_407_beta_true.csv,data/n100p500/n100p500_mcmc_output/simple/seed_407,data/n100p500/n100p500_last_output/simple/seed_407,3;106;119;185;208;215;240;257;347;493,2;105;118;184;207;214;239;256;346;492,-0.4991056025028229,16.357723236083984,17.439739227294922,16.357723236083984
simple,simple,408,100,500,10,10,1.0,1.0,0.3,2.0,data/n100p500/n100p500_input/simple/dataframe/seed_408.csv,data/n100p500/n100p500_input/simple/beta_true/seed_408_beta_true.csv,data/n100p500/n100p500_mcmc_output/simple/seed_408,data/n100p500/n100p500_last_output/simple/seed_408,68;116;119;151;257;261;313;326;333;436,67;115;118;150;256;260;312;325;332;435,0.16154637932777405,12.916764259338379,14.003832817077637,12.916764259338379
simple,simple,409,100,500,10,10,1.0,1.0,0.3,2.0,data/n100p500/n100p500_input/simple/dataframe/seed_409.csv,data/n100p500/n100p500_input/simple/beta_true/seed_409_beta_true.csv,data/n100p500/n100p500_mcmc_output/simple/seed_409,data/n100p500/n100p500_last_output/simple/seed_409,4;79;86;92;124;181;267;410;415;447,3;78;85;91;123;180;266;409;414;446,0.14214296638965607,9.87557601928711,11.898053169250488,9.87557601928711
simple,simple,410,100,500,10,10,1.0,1.0,0.3,2.0,data/n100p500/n100p500_input/simple/dataframe/seed_410.csv,data/n100p500/n100p500_input/simple/beta_true/seed_410_beta_true.csv,data/n100p500/n100p500_mcmc_output/simple/seed_410,data/n100p500/n100p500_last_output/simple/seed_410,24;147;150;155;218;284;304;336;426;486,23;146;149;154;217;283;303;335;425;485,-0.2597217857837677,13.092316627502441,13.129154205322266,13.092316627502441
simple,simple,411,100,500,10,10,1.0,1.0,0.3,2.0,data/n100p500/n100p500_input/simple/dataframe/seed_411.csv,data/n100p500/n100p500_input/simple/beta_true/seed_411_beta_true.csv,data/n100p500/n100p500_mcmc_output/simple/seed_411,data/n100p500/n100p500_last_output/simple/seed_411,64;152;175;295;308;315;359;469;493;496,63;151;174;294;307;314;358;468;492;495,-0.25744110345840454,13.9270658493042,15.382516860961914,13.9270658493042
simple,simple,412,100,500,10,10,1.0,1.0,0.3,2.0,data/n100p500/n100p500_input/simple/dataframe/seed_412.csv,data/n100p500/n100p500_input/simple/beta_true/seed_412_beta_true.csv,data/n100p500/n100p500_mcmc_output/simple/seed_412,data/n100p500/n100p500_last_output/simple/seed_412,14;42;89;173;262;264;339;347;427;499,13;41;88;172;261;263;338;346;426;498,-0.4955359399318695,13.774770736694336,14.839184761047363,13.774770736694336
simple,simple,413,100,500,10,10,1.0,1.0,0.3,2.0,data/n100p500/n100p500_input/simple/dataframe/seed_413.csv,data/n100p500/n100p500_input/simple/beta_true/seed_413_beta_true.csv,data/n100p500/n100p500_mcmc_output/simple/seed_413,data/n100p500/n100p500_last_output/simple/seed_413,48;176;208;234;245;299;348;373;396;416,47;175;207;233;244;298;347;372;395;415,-0.032480619847774506,15.450260162353516,16.53877067565918,15.450260162353516
simple,simple,414,100,500,10,10,1.0,1.0,0.3,2.0,data/n100p500/n100p500_input/simple/dataframe/seed_414.csv,data/n100p500/n100p500_input/simple/beta_true/seed_414_beta_true.csv,data/n100p500/n100p500_mcmc_output/simple/seed_414,data/n100p500/n100p500_last_output/simple/seed_414,101;107;139;207;287;291;342;344;425;481,100;106;138;206;286;290;341;343;424;480,-0.8715320825576782,28.28631019592285,30.16592025756836,28.28631019592285
simple,simple,415,100,500,10,10,1.0,1.0,0.3,2.0,data/n100p500/n100p500_input/simple/dataframe/seed_415.csv,data/n100p500/n100p500_input/simple/beta_true/seed_415_beta_true.csv,data/n100p500/n100p500_mcmc_output/simple/seed_415,data/n100p500/n100p500_last_output/simple/seed_415,97;119;201;247;299;330;374;388;440;445,96;118;200;246;298;329;373;387;439;444,0.022939592599868774,13.360877990722656,14.190278053283691,13.360877990722656
simple,simple,416,100,500,10,10,1.0,1.0,0.3,2.0,data/n100p500/n100p500_input/simple/dataframe/seed_416.csv,data/n100p500/n100p500_input/simple/beta_true/seed_416_beta_true.csv,data/n100p500/n100p500_mcmc_output/simple/seed_416,data/n100p500/n100p500_last_output/simple/seed_416,56;94;176;240;255;308;335;356;366;414,55;93;175;239;254;307;334;355;365;413,-0.06173473596572876,11.021728515625,11.831167221069336,11.021728515625
simple,simple,417,100,500,10,10,1.0,1.0,0.3,2.0,data/n100p500/n100p500_input/simple/dataframe/seed_417.csv,data/n100p500/n100p500_input/simple/beta_true/seed_417_beta_true.csv,data/n100p500/n100p500_mcmc_output/simple/seed_417,data/n100p500/n100p500_last_output/simple/seed_417,123;161;191;221;330;361;453;463;470;482,122;160;190;220;329;360;452;462;469;481,-1.0471980571746826,15.937921524047852,16.860868453979492,15.937921524047852
simple,simple,418,100,500,10,10,1.0,1.0,0.3,2.0,data/n100p500/n100p500_input/simple/dataframe/seed_418.csv,data/n100p500/n100p500_input/simple/beta_true/seed_418_beta_true.csv,data/n100p500/n100p500_mcmc_output/simple/seed_418,data/n100p500/n100p500_last_output/simple/seed_418,9;14;40;70;189;206;274;442;464;469,8;13;39;69;188;205;273;441;463;468,0.12037599086761475,16.187868118286133,17.826553344726562,16.187868118286133
simple,simple,419,100,500,10,10,1.0,1.0,0.3,2.0,data/n100p500/n100p500_input/simple/dataframe/seed_419.csv,data/n100p500/n100p500_input/simple/beta_true/seed_419_beta_true.csv,data/n100p500/n100p500_mcmc_output/simple/seed_419,data/n100p500/n100p500_last_output/simple/seed_419,16;62;120;149;162;201;278;289;379;462,15;61;119;148;161;200;277;288;378;461,-0.026800334453582764,21.642915725708008,23.875749588012695,21.642915725708008
simple,simple,420,100,500,10,10,1.0,1.0,0.3,2.0,data/n100p500/n100p500_input/simple/dataframe/seed_420.csv,data/n100p500/n100p500_input/simple/beta_true/seed_420_beta_true.csv,data/n100p500/n100p500_mcmc_output/simple/seed_420,data/n100p500/n100p500_last_output/simple/seed_420,8;19;56;148;185;305;372;388;408;478,7;18;55;147;184;304;371;387;407;477,-0.11063992977142334,11.236560821533203,11.619836807250977,11.236560821533203
simple,simple,421,100,500,10,10,1.0,1.0,0.3,2.0,data/n100p500/n100p500_input/simple/dataframe/seed_421.csv,data/n100p500/n100p500_input/simple/beta_true/seed_421_beta_true.csv,data/n100p500/n100p500_mcmc_output/simple/seed_421,data/n100p500/n100p500_last_output/simple/seed_421,14;103;119;225;273;332;365;395;403;414,13;102;118;224;272;331;364;394;402;413,0.36020851135253906,13.819453239440918,14.269662857055664,13.819453239440918
simple,simple,422,100,500,10,10,1.0,1.0,0.3,2.0,data/n100p500/n100p500_input/simple/dataframe/seed_422.csv,data/n100p500/n100p500_input/simple/beta_true/seed_422_beta_true.csv,data/n100p500/n100p500_mcmc_output/simple/seed_422,data/n100p500/n100p500_last_output/simple/seed_422,94;105;166;268;404;419;434;442;465;478,93;104;165;267;403;418;433;441;464;477,0.19006037712097168,29.418861389160156,29.60906410217285,29.418861389160156
simple,simple,423,100,500,10,10,1.0,1.0,0.3,2.0,data/n100p500/n100p500_input/simple/dataframe/seed_423.csv,data/n100p500/n100p500_input/simple/beta_true/seed_423_beta_true.csv,data/n100p500/n100p500_mcmc_output/simple/seed_423,data/n100p500/n100p500_last_output/simple/seed_423,94;122;179;205;280;292;333;348;406;478,93;121;178;204;279;291;332;347;405;477,0.5285180807113647,18.103342056274414,18.99212074279785,18.103342056274414
simple,simple,424,100,500,10,10,1.0,1.0,0.3,2.0,data/n100p500/n100p500_input/simple/dataframe/seed_424.csv,data/n100p500/n100p500_input/simple/beta_true/seed_424_beta_true.csv,data/n100p500/n100p500_mcmc_output/simple/seed_424,data/n100p500/n100p500_last_output/simple/seed_424,69;78;79;117;232;241;256;384;429;448,68;77;78;116;231;240;255;383;428;447,0.583081066608429,7.564854621887207,8.53497314453125,7.564854621887207
simple,simple,425,100,500,10,10,1.0,1.0,0.3,2.0,data/n100p500/n100p500_input/simple/dataframe/seed_425.csv,data/n100p500/n100p500_input/simple/beta_true/seed_425_beta_true.csv,data/n100p500/n100p500_mcmc_output/simple/seed_425,data/n100p500/n100p500_last_output/simple/seed_425,44;45;78;188;190;277;288;296;316;441,43;44;77;187;189;276;287;295;315;440,0.5762144923210144,17.19883155822754,17.27358055114746,17.19883155822754
simple,simple,426,100,500,10,10,1.0,1.0,0.3,2.0,data/n100p500/n100p500_input/simple/dataframe/seed_426.csv,data/n100p500/n100p500_input/simple/beta_true/seed_426_beta_true.csv,data/n100p500/n100p500_mcmc_output/simple/seed_426,data/n100p500/n100p500_last_output/simple/seed_426,31;49;75;113;121;124;130;374;380;409,30;48;74;112;120;123;129;373;379;408,0.5323755145072937,22.6154842376709,22.190479278564453,22.6154842376709
simple,simple,427,100,500,10,10,1.0,1.0,0.3,2.0,data/n100p500/n100p500_input/simple/dataframe/seed_427.csv,data/n100p500/n100p500_input/simple/beta_true/seed_427_beta_true.csv,data/n100p500/n100p500_mcmc_output/simple/seed_427,data/n100p500/n100p500_last_output/simple/seed_427,66;117;187;301;316;346;347;415;483;498,65;116;186;300;315;345;346;414;482;497,0.719029426574707,8.672733306884766,9.72603702545166,8.672733306884766
simple,simple,428,100,500,10,10,1.0,1.0,0.3,2.0,data/n100p500/n100p500_input/simple/dataframe/seed_428.csv,data/n100p500/n100p500_input/simple/beta_true/seed_428_beta_true.csv,data/n100p500/n100p500_mcmc_output/simple/seed_428,data/n100p500/n100p500_last_output/simple/seed_428,19;34;81;129;161;235;318;455;496;499,18;33;80;128;160;234;317;454;495;498,0.1270393431186676,22.906166076660156,23.350021362304688,22.906166076660156
simple,simple,429,100,500,10,10,1.0,1.0,0.3,2.0,data/n100p500/n100p500_input/simple/dataframe/seed_429.csv,data/n100p500/n100p500_input/simple/beta_true/seed_429_beta_true.csv,data/n100p500/n100p500_mcmc_output/simple/seed_429,data/n100p500/n100p500_last_output/simple/seed_429,38;60;116;120;180;282;297;388;422;458,37;59;115;119;179;281;296;387;421;457,-0.08944964408874512,12.902774810791016,13.051124572753906,12.902774810791016
simple,simple,430,100,500,10,10,1.0,1.0,0.3,2.0,data/n100p500/n100p500_input/simple/dataframe/seed_430.csv,data/n100p500/n100p500_input/simple/beta_true/seed_430_beta_true.csv,data/n100p500/n100p500_mcmc_output/simple/seed_430,data/n100p500/n100p500_last_output/simple/seed_430,42;102;115;128;292;304;330;364;431;472,41;101;114;127;291;303;329;363;430;471,-0.27520549297332764,15.216614723205566,16.275043487548828,15.216614723205566
simple,simple,431,100,500,10,10,1.0,1.0,0.3,2.0,data/n100p500/n100p500_input/simple/dataframe/seed_431.csv,data/n100p500/n100p500_input/simple/beta_true/seed_431_beta_true.csv,data/n100p500/n100p500_mcmc_output/simple/seed_431,data/n100p500/n100p500_last_output/simple/seed_431,57;78;92;179;326;328;349;415;447;494,56;77;91;178;325;327;348;414;446;493,0.3510039448738098,14.645576477050781,16.16299057006836,14.645576477050781
simple,simple,432,100,500,10,10,1.0,1.0,0.3,2.0,data/n100p500/n100p500_input/simple/dataframe/seed_432.csv,data/n100p500/n100p500_input/simple/beta_true/seed_432_beta_true.csv,data/n100p500/n100p500_mcmc_output/simple/seed_432,data/n100p500/n100p500_last_output/simple/seed_432,60;140;145;188;268;341;368;382;421;464,59;139;144;187;267;340;367;381;420;463,0.4731457829475403,16.934106826782227,16.80130386352539,16.934106826782227
simple,simple,433,100,500,10,10,1.0,1.0,0.3,2.0,data/n100p500/n100p500_input/simple/dataframe/seed_433.csv,data/n100p500/n100p500_input/simple/beta_true/seed_433_beta_true.csv,data/n100p500/n100p500_mcmc_output/simple/seed_433,data/n100p500/n100p500_last_output/simple/seed_433,24;40;120;160;196;277;280;343;431;447,23;39;119;159;195;276;279;342;430;446,0.6404489874839783,11.365900039672852,12.801231384277344,11.365900039672852
simple,simple,434,100,500,10,10,1.0,1.0,0.3,2.0,data/n100p500/n100p500_input/simple/dataframe/seed_434.csv,data/n100p500/n100p500_input/simple/beta_true/seed_434_beta_true.csv,data/n100p500/n100p500_mcmc_output/simple/seed_434,data/n100p500/n100p500_last_output/simple/seed_434,121;146;175;214;239;297;357;364;461;463,120;145;174;213;238;296;356;363;460;462,-0.20827427506446838,15.466401100158691,16.14301109313965,15.466401100158691
simple,simple,435,100,500,10,10,1.0,1.0,0.3,2.0,data/n100p500/n100p500_input/simple/dataframe/seed_435.csv,data/n100p500/n100p500_input/simple/beta_true/seed_435_beta_true.csv,data/n100p500/n100p500_mcmc_output/simple/seed_435,data/n100p500/n100p500_last_output/simple/seed_435,30;53;77;141;239;322;360;371;440;499,29;52;76;140;238;321;359;370;439;498,0.5018192529678345,18.307666778564453,18.455217361450195,18.307666778564453
simple,simple,436,100,500,10,10,1.0,1.0,0.3,2.0,data/n100p500/n100p500_input/simple/dataframe/seed_436.csv,data/n100p500/n100p500_input/simple/beta_true/seed_436_beta_true.csv,data/n100p500/n100p500_mcmc_output/simple/seed_436,data/n100p500/n100p500_last_output/simple/seed_436,2;12;208;227;270;308;359;368;435;476,1;11;207;226;269;307;358;367;434;475,0.2977021336555481,11.982540130615234,12.44001579284668,11.982540130615234
simple,simple,437,100,500,10,10,1.0,1.0,0.3,2.0,data/n100p500/n100p500_input/simple/dataframe/seed_437.csv,data/n100p500/n100p500_input/simple/beta_true/seed_437_beta_true.csv,data/n100p500/n100p500_mcmc_output/simple/seed_437,data/n100p500/n100p500_last_output/simple/seed_437,61;79;82;142;172;282;284;307;434;470,60;78;81;141;171;281;283;306;433;469,-0.15275517106056213,10.79931926727295,11.683296203613281,10.79931926727295
simple,simple,438,100,500,10,10,1.0,1.0,0.3,2.0,data/n100p500/n100p500_input/simple/dataframe/seed_438.csv,data/n100p500/n100p500_input/simple/beta_true/seed_438_beta_true.csv,data/n100p500/n100p500_mcmc_output/simple/seed_438,data/n100p500/n100p500_last_output/simple/seed_438,38;100;124;270;308;330;364;406;453;497,37;99;123;269;307;329;363;405;452;496,0.6716493368148804,17.78011131286621,17.75150489807129,17.78011131286621
simple,simple,439,100,500,10,10,1.0,1.0,0.3,2.0,data/n100p500/n100p500_input/simple/dataframe/seed_439.csv,data/n100p500/n100p500_input/simple/beta_true/seed_439_beta_true.csv,data/n100p500/n100p500_mcmc_output/simple/seed_439,data/n100p500/n100p500_last_output/simple/seed_439,49;63;97;120;122;130;180;193;268;384,48;62;96;119;121;129;179;192;267;383,0.3079359829425812,10.582352638244629,11.332149505615234,10.582352638244629
simple,simple,440,100,500,10,10,1.0,1.0,0.3,2.0,data/n100p500/n100p500_input/simple/dataframe/seed_440.csv,data/n100p500/n100p500_input/simple/beta_true/seed_440_beta_true.csv,data/n100p500/n100p500_mcmc_output/simple/seed_440,data/n100p500/n100p500_last_output/simple/seed_440,82;109;126;188;259;302;324;397;408;450,81;108;125;187;258;301;323;396;407;449,0.19716759026050568,19.546327590942383,21.148340225219727,19.546327590942383
simple,simple,441,100,500,10,10,1.0,1.0,0.3,2.0,data/n100p500/n100p500_input/simple/dataframe/seed_441.csv,data/n100p500/n100p500_input/simple/beta_true/seed_441_beta_true.csv,data/n100p500/n100p500_mcmc_output/simple/seed_441,data/n100p500/n100p500_last_output/simple/seed_441,16;68;71;150;196;210;292;332;450;470,15;67;70;149;195;209;291;331;449;469,0.016544396057724953,10.064358711242676,10.510525703430176,10.064358711242676
simple,simple,442,100,500,10,10,1.0,1.0,0.3,2.0,data/n100p500/n100p500_input/simple/dataframe/seed_442.csv,data/n100p500/n100p500_input/simple/beta_true/seed_442_beta_true.csv,data/n100p500/n100p500_mcmc_output/simple/seed_442,data/n100p500/n100p500_last_output/simple/seed_442,11;12;145;155;212;256;270;324;342;367,10;11;144;154;211;255;269;323;341;366,0.28257790207862854,13.009610176086426,14.471822738647461,13.009610176086426
simple,simple,443,100,500,10,10,1.0,1.0,0.3,2.0,data/n100p500/n100p500_input/simple/dataframe/seed_443.csv,data/n100p500/n100p500_input/simple/beta_true/seed_443_beta_true.csv,data/n100p500/n100p500_mcmc_output/simple/seed_443,data/n100p500/n100p500_last_output/simple/seed_443,109;144;178;201;206;254;368;369;410;436,108;143;177;200;205;253;367;368;409;435,0.2930315136909485,7.481527805328369,8.9290132522583,7.481527805328369
simple,simple,444,100,500,10,10,1.0,1.0,0.3,2.0,data/n100p500/n100p500_input/simple/dataframe/seed_444.csv,data/n100p500/n100p500_input/simple/beta_true/seed_444_beta_true.csv,data/n100p500/n100p500_mcmc_output/simple/seed_444,data/n100p500/n100p500_last_output/simple/seed_444,7;43;123;239;333;342;355;367;372;398,6;42;122;238;332;341;354;366;371;397,-0.21718430519104004,11.02663803100586,12.291576385498047,11.02663803100586
simple,simple,445,100,500,10,10,1.0,1.0,0.3,2.0,data/n100p500/n100p500_input/simple/dataframe/seed_445.csv,data/n100p500/n100p500_input/simple/beta_true/seed_445_beta_true.csv,data/n100p500/n100p500_mcmc_output/simple/seed_445,data/n100p500/n100p500_last_output/simple/seed_445,48;104;237;247;256;297;315;360;388;394,47;103;236;246;255;296;314;359;387;393,0.1549663245677948,20.373537063598633,21.846025466918945,20.373537063598633
simple,simple,446,100,500,10,10,1.0,1.0,0.3,2.0,data/n100p500/n100p500_input/simple/dataframe/seed_446.csv,data/n100p500/n100p500_input/simple/beta_true/seed_446_beta_true.csv,data/n100p500/n100p500_mcmc_output/simple/seed_446,data/n100p500/n100p500_last_output/simple/seed_446,77;154;201;205;228;271;318;386;425;492,76;153;200;204;227;270;317;385;424;491,-0.14208421111106873,14.426216125488281,14.745330810546875,14.426216125488281
simple,simple,447,100,500,10,10,1.0,1.0,0.3,2.0,data/n100p500/n100p500_input/simple/dataframe/seed_447.csv,data/n100p500/n100p500_input/simple/beta_true/seed_447_beta_true.csv,data/n100p500/n100p500_mcmc_output/simple/seed_447,data/n100p500/n100p500_last_output/simple/seed_447,38;79;107;109;128;353;406;415;416;427,37;78;106;108;127;352;405;414;415;426,-0.4361889958381653,17.15769386291504,17.835529327392578,17.15769386291504
simple,simple,448,100,500,10,10,1.0,1.0,0.3,2.0,data/n100p500/n100p500_input/simple/dataframe/seed_448.csv,data/n100p500/n100p500_input/simple/beta_true/seed_448_beta_true.csv,data/n100p500/n100p500_mcmc_output/simple/seed_448,data/n100p500/n100p500_last_output/simple/seed_448,123;158;197;283;325;359;390;391;396;416,122;157;196;282;324;358;389;390;395;415,-0.230089470744133,15.631303787231445,15.627074241638184,15.631303787231445
simple,simple,449,100,500,10,10,1.0,1.0,0.3,2.0,data/n100p500/n100p500_input/simple/dataframe/seed_449.csv,data/n100p500/n100p500_input/simple/beta_true/seed_449_beta_true.csv,data/n100p500/n100p500_mcmc_output/simple/seed_449,data/n100p500/n100p500_last_output/simple/seed_449,18;29;34;35;54;85;128;217;222;470,17;28;33;34;53;84;127;216;221;469,-0.11532290279865265,16.98834991455078,18.718320846557617,16.98834991455078
simple,simple,450,100,500,10,10,1.0,1.0,0.3,2.0,data/n100p500/n100p500_input/simple/dataframe/seed_450.csv,data/n100p500/n100p500_input/simple/beta_true/seed_450_beta_true.csv,data/n100p500/n100p500_mcmc_output/simple/seed_450,data/n100p500/n100p500_last_output/simple/seed_450,31;34;210;225;232;329;365;433;469;479,30;33;209;224;231;328;364;432;468;478,0.2657434046268463,23.118471145629883,24.64566421508789,23.118471145629883
simple,simple,451,100,500,10,10,1.0,1.0,0.3,2.0,data/n100p500/n100p500_input/simple/dataframe/seed_451.csv,data/n100p500/n100p500_input/simple/beta_true/seed_451_beta_true.csv,data/n100p500/n100p500_mcmc_output/simple/seed_451,data/n100p500/n100p500_last_output/simple/seed_451,37;53;57;74;114;135;305;323;426;440,36;52;56;73;113;134;304;322;425;439,0.35084694623947144,15.660236358642578,16.33870506286621,15.660236358642578
simple,simple,452,100,500,10,10,1.0,1.0,0.3,2.0,data/n100p500/n100p500_input/simple/dataframe/seed_452.csv,data/n100p500/n100p500_input/simple/beta_true/seed_452_beta_true.csv,data/n100p500/n100p500_mcmc_output/simple/seed_452,data/n100p500/n100p500_last_output/simple/seed_452,42;68;189;200;244;322;325;384;434;495,41;67;188;199;243;321;324;383;433;494,0.07452146708965302,31.038414001464844,31.313220977783203,31.038414001464844
simple,simple,453,100,500,10,10,1.0,1.0,0.3,2.0,data/n100p500/n100p500_input/simple/dataframe/seed_453.csv,data/n100p500/n100p500_input/simple/beta_true/seed_453_beta_true.csv,data/n100p500/n100p500_mcmc_output/simple/seed_453,data/n100p500/n100p500_last_output/simple/seed_453,65;102;156;164;184;218;251;329;367;418,64;101;155;163;183;217;250;328;366;417,-0.415795236825943,9.773658752441406,10.919300079345703,9.773658752441406
simple,simple,454,100,500,10,10,1.0,1.0,0.3,2.0,data/n100p500/n100p500_input/simple/dataframe/seed_454.csv,data/n100p500/n100p500_input/simple/beta_true/seed_454_beta_true.csv,data/n100p500/n100p500_mcmc_output/simple/seed_454,data/n100p500/n100p500_last_output/simple/seed_454,51;231;254;282;295;380;400;410;431;499,50;230;253;281;294;379;399;409;430;498,-0.24684640765190125,19.51813316345215,20.05731773376465,19.51813316345215
simple,simple,455,100,500,10,10,1.0,1.0,0.3,2.0,data/n100p500/n100p500_input/simple/dataframe/seed_455.csv,data/n100p500/n100p500_input/simple/beta_true/seed_455_beta_true.csv,data/n100p500/n100p500_mcmc_output/simple/seed_455,data/n100p500/n100p500_last_output/simple/seed_455,15;16;79;92;145;251;338;369;384;390,14;15;78;91;144;250;337;368;383;389,0.6877027750015259,14.915375709533691,17.200462341308594,14.915375709533691
simple,simple,456,100,500,10,10,1.0,1.0,0.3,2.0,data/n100p500/n100p500_input/simple/dataframe/seed_456.csv,data/n100p500/n100p500_input/simple/beta_true/seed_456_beta_true.csv,data/n100p500/n100p500_mcmc_output/simple/seed_456,data/n100p500/n100p500_last_output/simple/seed_456,25;38;97;124;130;254;334;335;338;376,24;37;96;123;129;253;333;334;337;375,-0.018712187185883522,13.168850898742676,13.796072006225586,13.168850898742676
simple,simple,457,100,500,10,10,1.0,1.0,0.3,2.0,data/n100p500/n100p500_input/simple/dataframe/seed_457.csv,data/n100p500/n100p500_input/simple/beta_true/seed_457_beta_true.csv,data/n100p500/n100p500_mcmc_output/simple/seed_457,data/n100p500/n100p500_last_output/simple/seed_457,16;29;61;132;228;256;258;269;368;380,15;28;60;131;227;255;257;268;367;379,-0.3753708004951477,8.621681213378906,9.48086929321289,8.621681213378906
simple,simple,458,100,500,10,10,1.0,1.0,0.3,2.0,data/n100p500/n100p500_input/simple/dataframe/seed_458.csv,data/n100p500/n100p500_input/simple/beta_true/seed_458_beta_true.csv,data/n100p500/n100p500_mcmc_output/simple/seed_458,data/n100p500/n100p500_last_output/simple/seed_458,36;48;232;255;269;333;341;357;458;471,35;47;231;254;268;332;340;356;457;470,-0.6126643419265747,14.977936744689941,18.094785690307617,14.977936744689941
simple,simple,459,100,500,10,10,1.0,1.0,0.3,2.0,data/n100p500/n100p500_input/simple/dataframe/seed_459.csv,data/n100p500/n100p500_input/simple/beta_true/seed_459_beta_true.csv,data/n100p500/n100p500_mcmc_output/simple/seed_459,data/n100p500/n100p500_last_output/simple/seed_459,74;103;121;267;281;321;324;347;418;484,73;102;120;266;280;320;323;346;417;483,0.09612777084112167,16.956605911254883,16.8140926361084,16.956605911254883
simple,simple,460,100,500,10,10,1.0,1.0,0.3,2.0,data/n100p500/n100p500_input/simple/dataframe/seed_460.csv,data/n100p500/n100p500_input/simple/beta_true/seed_460_beta_true.csv,data/n100p500/n100p500_mcmc_output/simple/seed_460,data/n100p500/n100p500_last_output/simple/seed_460,36;74;95;145;146;184;311;349;375;380,35;73;94;144;145;183;310;348;374;379,0.7238141298294067,22.409425735473633,23.55768585205078,22.409425735473633
simple,simple,461,100,500,10,10,1.0,1.0,0.3,2.0,data/n100p500/n100p500_input/simple/dataframe/seed_461.csv,data/n100p500/n100p500_input/simple/beta_true/seed_461_beta_true.csv,data/n100p500/n100p500_mcmc_output/simple/seed_461,data/n100p500/n100p500_last_output/simple/seed_461,8;51;85;172;191;222;374;422;442;450,7;50;84;171;190;221;373;421;441;449,0.05068012326955795,6.514459609985352,6.4773030281066895,6.514459609985352
simple,simple,462,100,500,10,10,1.0,1.0,0.3,2.0,data/n100p500/n100p500_input/simple/dataframe/seed_462.csv,data/n100p500/n100p500_input/simple/beta_true/seed_462_beta_true.csv,data/n100p500/n100p500_mcmc_output/simple/seed_462,data/n100p500/n100p500_last_output/simple/seed_462,9;29;165;171;238;272;275;288;308;481,8;28;164;170;237;271;274;287;307;480,-0.3126363456249237,18.792123794555664,20.182701110839844,18.792123794555664
simple,simple,463,100,500,10,10,1.0,1.0,0.3,2.0,data/n100p500/n100p500_input/simple/dataframe/seed_463.csv,data/n100p500/n100p500_input/simple/beta_true/seed_463_beta_true.csv,data/n100p500/n100p500_mcmc_output/simple/seed_463,data/n100p500/n100p500_last_output/simple/seed_463,4;6;40;97;124;132;175;325;335;340,3;5;39;96;123;131;174;324;334;339,0.16218526661396027,17.545604705810547,19.105392456054688,17.545604705810547
simple,simple,464,100,500,10,10,1.0,1.0,0.3,2.0,data/n100p500/n100p500_input/simple/dataframe/seed_464.csv,data/n100p500/n100p500_input/simple/beta_true/seed_464_beta_true.csv,data/n100p500/n100p500_mcmc_output/simple/seed_464,data/n100p500/n100p500_last_output/simple/seed_464,83;106;179;198;267;320;401;422;478;491,82;105;178;197;266;319;400;421;477;490,0.30375415086746216,10.367881774902344,11.563453674316406,10.367881774902344
simple,simple,465,100,500,10,10,1.0,1.0,0.3,2.0,data/n100p500/n100p500_input/simple/dataframe/seed_465.csv,data/n100p500/n100p500_input/simple/beta_true/seed_465_beta_true.csv,data/n100p500/n100p500_mcmc_output/simple/seed_465,data/n100p500/n100p500_last_output/simple/seed_465,20;32;88;124;217;224;263;349;418;426,19;31;87;123;216;223;262;348;417;425,0.6415277123451233,9.011731147766113,11.48597526550293,9.011731147766113
simple,simple,466,100,500,10,10,1.0,1.0,0.3,2.0,data/n100p500/n100p500_input/simple/dataframe/seed_466.csv,data/n100p500/n100p500_input/simple/beta_true/seed_466_beta_true.csv,data/n100p500/n100p500_mcmc_output/simple/seed_466,data/n100p500/n100p500_last_output/simple/seed_466,2;49;58;74;218;275;346;414;434;455,1;48;57;73;217;274;345;413;433;454,-0.03226090595126152,13.631014823913574,13.960009574890137,13.631014823913574
simple,simple,467,100,500,10,10,1.0,1.0,0.3,2.0,data/n100p500/n100p500_input/simple/dataframe/seed_467.csv,data/n100p500/n100p500_input/simple/beta_true/seed_467_beta_true.csv,data/n100p500/n100p500_mcmc_output/simple/seed_467,data/n100p500/n100p500_last_output/simple/seed_467,25;38;54;91;146;238;419;428;430;449,24;37;53;90;145;237;418;427;429;448,-0.526828408241272,10.018672943115234,12.338949203491211,10.018672943115234
simple,simple,468,100,500,10,10,1.0,1.0,0.3,2.0,data/n100p500/n100p500_input/simple/dataframe/seed_468.csv,data/n100p500/n100p500_input/simple/beta_true/seed_468_beta_true.csv,data/n100p500/n100p500_mcmc_output/simple/seed_468,data/n100p500/n100p500_last_output/simple/seed_468,57;64;69;116;255;260;381;398;421;428,56;63;68;115;254;259;380;397;420;427,-0.15260234475135803,17.777912139892578,19.243511199951172,17.777912139892578
simple,simple,469,100,500,10,10,1.0,1.0,0.3,2.0,data/n100p500/n100p500_input/simple/dataframe/seed_469.csv,data/n100p500/n100p500_input/simple/beta_true/seed_469_beta_true.csv,data/n100p500/n100p500_mcmc_output/simple/seed_469,data/n100p500/n100p500_last_output/simple/seed_469,37;146;182;231;238;379;395;432;456;490,36;145;181;230;237;378;394;431;455;489,-0.007917767390608788,14.666908264160156,15.77021598815918,14.666908264160156
simple,simple,470,100,500,10,10,1.0,1.0,0.3,2.0,data/n100p500/n100p500_input/simple/dataframe/seed_470.csv,data/n100p500/n100p500_input/simple/beta_true/seed_470_beta_true.csv,data/n100p500/n100p500_mcmc_output/simple/seed_470,data/n100p500/n100p500_last_output/simple/seed_470,44;86;112;119;132;197;213;257;266;451,43;85;111;118;131;196;212;256;265;450,0.05796069651842117,16.353910446166992,16.884666442871094,16.353910446166992
simple,simple,471,100,500,10,10,1.0,1.0,0.3,2.0,data/n100p500/n100p500_input/simple/dataframe/seed_471.csv,data/n100p500/n100p500_input/simple/beta_true/seed_471_beta_true.csv,data/n100p500/n100p500_mcmc_output/simple/seed_471,data/n100p500/n100p500_last_output/simple/seed_471,12;54;68;82;216;219;253;262;282;366,11;53;67;81;215;218;252;261;281;365,-0.03505221754312515,21.92156982421875,22.675878524780273,21.92156982421875
simple,simple,472,100,500,10,10,1.0,1.0,0.3,2.0,data/n100p500/n100p500_input/simple/dataframe/seed_472.csv,data/n100p500/n100p500_input/simple/beta_true/seed_472_beta_true.csv,data/n100p500/n100p500_mcmc_output/simple/seed_472,data/n100p500/n100p500_last_output/simple/seed_472,6;45;113;134;163;225;282;317;389;395,5;44;112;133;162;224;281;316;388;394,0.02560206688940525,20.183273315429688,19.880903244018555,20.183273315429688
simple,simple,473,100,500,10,10,1.0,1.0,0.3,2.0,data/n100p500/n100p500_input/simple/dataframe/seed_473.csv,data/n100p500/n100p500_input/simple/beta_true/seed_473_beta_true.csv,data/n100p500/n100p500_mcmc_output/simple/seed_473,data/n100p500/n100p500_last_output/simple/seed_473,26;183;255;260;261;311;348;373;441;445,25;182;254;259;260;310;347;372;440;444,-0.2827821671962738,10.437944412231445,11.843170166015625,10.437944412231445
simple,simple,474,100,500,10,10,1.0,1.0,0.3,2.0,data/n100p500/n100p500_input/simple/dataframe/seed_474.csv,data/n100p500/n100p500_input/simple/beta_true/seed_474_beta_true.csv,data/n100p500/n100p500_mcmc_output/simple/seed_474,data/n100p500/n100p500_last_output/simple/seed_474,11;53;150;170;238;364;402;432;444;448,10;52;149;169;237;363;401;431;443;447,0.7060648202896118,21.29525375366211,21.521825790405273,21.29525375366211
simple,simple,475,100,500,10,10,1.0,1.0,0.3,2.0,data/n100p500/n100p500_input/simple/dataframe/seed_475.csv,data/n100p500/n100p500_input/simple/beta_true/seed_475_beta_true.csv,data/n100p500/n100p500_mcmc_output/simple/seed_475,data/n100p500/n100p500_last_output/simple/seed_475,67;102;117;145;152;241;270;353;375;461,66;101;116;144;151;240;269;352;374;460,0.1528773009777069,15.153133392333984,15.74145793914795,15.153133392333984
simple,simple,476,100,500,10,10,1.0,1.0,0.3,2.0,data/n100p500/n100p500_input/simple/dataframe/seed_476.csv,data/n100p500/n100p500_input/simple/beta_true/seed_476_beta_true.csv,data/n100p500/n100p500_mcmc_output/simple/seed_476,data/n100p500/n100p500_last_output/simple/seed_476,16;54;93;217;261;290;320;375;464;497,15;53;92;216;260;289;319;374;463;496,0.31226181983947754,21.210338592529297,22.237321853637695,21.210338592529297
simple,simple,477,100,500,10,10,1.0,1.0,0.3,2.0,data/n100p500/n100p500_input/simple/dataframe/seed_477.csv,data/n100p500/n100p500_input/simple/beta_true/seed_477_beta_true.csv,data/n100p500/n100p500_mcmc_output/simple/seed_477,data/n100p500/n100p500_last_output/simple/seed_477,22;23;149;198;232;233;353;396;438;477,21;22;148;197;231;232;352;395;437;476,-0.7243694067001343,18.64767837524414,20.22188377380371,18.64767837524414
simple,simple,478,100,500,10,10,1.0,1.0,0.3,2.0,data/n100p500/n100p500_input/simple/dataframe/seed_478.csv,data/n100p500/n100p500_input/simple/beta_true/seed_478_beta_true.csv,data/n100p500/n100p500_mcmc_output/simple/seed_478,data/n100p500/n100p500_last_output/simple/seed_478,26;134;152;300;328;376;378;431;447;469,25;133;151;299;327;375;377;430;446;468,-0.2906799614429474,20.48514175415039,23.051170349121094,20.48514175415039
simple,simple,479,100,500,10,10,1.0,1.0,0.3,2.0,data/n100p500/n100p500_input/simple/dataframe/seed_479.csv,data/n100p500/n100p500_input/simple/beta_true/seed_479_beta_true.csv,data/n100p500/n100p500_mcmc_output/simple/seed_479,data/n100p500/n100p500_last_output/simple/seed_479,19;47;73;153;155;172;189;387;391;499,18;46;72;152;154;171;188;386;390;498,0.1840640753507614,11.25173568725586,11.502167701721191,11.25173568725586
simple,simple,480,100,500,10,10,1.0,1.0,0.3,2.0,data/n100p500/n100p500_input/simple/dataframe/seed_480.csv,data/n100p500/n100p500_input/simple/beta_true/seed_480_beta_true.csv,data/n100p500/n100p500_mcmc_output/simple/seed_480,data/n100p500/n100p500_last_output/simple/seed_480,4;54;119;141;170;209;240;287;443;450,3;53;118;140;169;208;239;286;442;449,-0.8044098615646362,18.878751754760742,19.856502532958984,18.878751754760742
simple,simple,481,100,500,10,10,1.0,1.0,0.3,2.0,data/n100p500/n100p500_input/simple/dataframe/seed_481.csv,data/n100p500/n100p500_input/simple/beta_true/seed_481_beta_true.csv,data/n100p500/n100p500_mcmc_output/simple/seed_481,data/n100p500/n100p500_last_output/simple/seed_481,83;113;134;149;173;289;344;359;360;489,82;112;133;148;172;288;343;358;359;488,0.0018260478973388672,12.782279968261719,12.447100639343262,12.782279968261719
simple,simple,482,100,500,10,10,1.0,1.0,0.3,2.0,data/n100p500/n100p500_input/simple/dataframe/seed_482.csv,data/n100p500/n100p500_input/simple/beta_true/seed_482_beta_true.csv,data/n100p500/n100p500_mcmc_output/simple/seed_482,data/n100p500/n100p500_last_output/simple/seed_482,10;119;156;179;247;283;342;381;426;428,9;118;155;178;246;282;341;380;425;427,0.18972234427928925,19.994850158691406,19.975109100341797,19.994850158691406
simple,simple,483,100,500,10,10,1.0,1.0,0.3,2.0,data/n100p500/n100p500_input/simple/dataframe/seed_483.csv,data/n100p500/n100p500_input/simple/beta_true/seed_483_beta_true.csv,data/n100p500/n100p500_mcmc_output/simple/seed_483,data/n100p500/n100p500_last_output/simple/seed_483,27;37;91;103;107;109;202;211;308;400,26;36;90;102;106;108;201;210;307;399,-0.37917348742485046,15.571743965148926,17.867694854736328,15.571743965148926
simple,simple,484,100,500,10,10,1.0,1.0,0.3,2.0,data/n100p500/n100p500_input/simple/dataframe/seed_484.csv,data/n100p500/n100p500_input/simple/beta_true/seed_484_beta_true.csv,data/n100p500/n100p500_mcmc_output/simple/seed_484,data/n100p500/n100p500_last_output/simple/seed_484,10;43;55;69;84;152;315;373;387;492,9;42;54;68;83;151;314;372;386;491,0.16712237894535065,9.913673400878906,10.501294136047363,9.913673400878906
simple,simple,485,100,500,10,10,1.0,1.0,0.3,2.0,data/n100p500/n100p500_input/simple/dataframe/seed_485.csv,data/n100p500/n100p500_input/simple/beta_true/seed_485_beta_true.csv,data/n100p500/n100p500_mcmc_output/simple/seed_485,data/n100p500/n100p500_last_output/simple/seed_485,70;153;200;239;278;342;362;364;444;453,69;152;199;238;277;341;361;363;443;452,0.5980450510978699,21.406702041625977,22.255659103393555,21.406702041625977
simple,simple,486,100,500,10,10,1.0,1.0,0.3,2.0,data/n100p500/n100p500_input/simple/dataframe/seed_486.csv,data/n100p500/n100p500_input/simple/beta_true/seed_486_beta_true.csv,data/n100p500/n100p500_mcmc_output/simple/seed_486,data/n100p500/n100p500_last_output/simple/seed_486,3;27;216;234;281;314;317;373;380;406,2;26;215;233;280;313;316;372;379;405,0.3553639054298401,11.874730110168457,13.05420207977295,11.874730110168457
simple,simple,487,100,500,10,10,1.0,1.0,0.3,2.0,data/n100p500/n100p500_input/simple/dataframe/seed_487.csv,data/n100p500/n100p500_input/simple/beta_true/seed_487_beta_true.csv,data/n100p500/n100p500_mcmc_output/simple/seed_487,data/n100p500/n100p500_last_output/simple/seed_487,15;37;86;182;213;295;299;307;365;380,14;36;85;181;212;294;298;306;364;379,0.0829697847366333,14.95876693725586,15.207366943359375,14.95876693725586
simple,simple,488,100,500,10,10,1.0,1.0,0.3,2.0,data/n100p500/n100p500_input/simple/dataframe/seed_488.csv,data/n100p500/n100p500_input/simple/beta_true/seed_488_beta_true.csv,data/n100p500/n100p500_mcmc_output/simple/seed_488,data/n100p500/n100p500_last_output/simple/seed_488,14;15;28;66;216;225;246;253;302;391,13;14;27;65;215;224;245;252;301;390,0.5196849703788757,14.549635887145996,15.788705825805664,14.549635887145996
simple,simple,489,100,500,10,10,1.0,1.0,0.3,2.0,data/n100p500/n100p500_input/simple/dataframe/seed_489.csv,data/n100p500/n100p500_input/simple/beta_true/seed_489_beta_true.csv,data/n100p500/n100p500_mcmc_output/simple/seed_489,data/n100p500/n100p500_last_output/simple/seed_489,147;155;179;208;221;347;372;408;423;431,146;154;178;207;220;346;371;407;422;430,0.006308603100478649,18.32710838317871,19.157814025878906,18.32710838317871
simple,simple,490,100,500,10,10,1.0,1.0,0.3,2.0,data/n100p500/n100p500_input/simple/dataframe/seed_490.csv,data/n100p500/n100p500_input/simple/beta_true/seed_490_beta_true.csv,data/n100p500/n100p500_mcmc_output/simple/seed_490,data/n100p500/n100p500_last_output/simple/seed_490,7;47;117;121;175;224;343;359;369;392,6;46;116;120;174;223;342;358;368;391,0.2521477937698364,17.16799545288086,18.226438522338867,17.16799545288086
simple,simple,491,100,500,10,10,1.0,1.0,0.3,2.0,data/n100p500/n100p500_input/simple/dataframe/seed_491.csv,data/n100p500/n100p500_input/simple/beta_true/seed_491_beta_true.csv,data/n100p500/n100p500_mcmc_output/simple/seed_491,data/n100p500/n100p500_last_output/simple/seed_491,259;355;390;421;424;434;437;455;463;499,258;354;389;420;423;433;436;454;462;498,0.18088164925575256,14.185781478881836,15.845905303955078,14.185781478881836
simple,simple,492,100,500,10,10,1.0,1.0,0.3,2.0,data/n100p500/n100p500_input/simple/dataframe/seed_492.csv,data/n100p500/n100p500_input/simple/beta_true/seed_492_beta_true.csv,data/n100p500/n100p500_mcmc_output/simple/seed_492,data/n100p500/n100p500_last_output/simple/seed_492,29;140;191;284;339;385;450;455;473;490,28;139;190;283;338;384;449;454;472;489,0.5877680778503418,14.644998550415039,15.99374008178711,14.644998550415039
simple,simple,493,100,500,10,10,1.0,1.0,0.3,2.0,data/n100p500/n100p500_input/simple/dataframe/seed_493.csv,data/n100p500/n100p500_input/simple/beta_true/seed_493_beta_true.csv,data/n100p500/n100p500_mcmc_output/simple/seed_493,data/n100p500/n100p500_last_output/simple/seed_493,99;108;205;256;288;357;377;378;398;486,98;107;204;255;287;356;376;377;397;485,-0.5400822758674622,14.381272315979004,15.788771629333496,14.381272315979004
simple,simple,494,100,500,10,10,1.0,1.0,0.3,2.0,data/n100p500/n100p500_input/simple/dataframe/seed_494.csv,data/n100p500/n100p500_input/simple/beta_true/seed_494_beta_true.csv,data/n100p500/n100p500_mcmc_output/simple/seed_494,data/n100p500/n100p500_last_output/simple/seed_494,13;25;169;196;254;278;303;314;393;395,12;24;168;195;253;277;302;313;392;394,-0.048588573932647705,16.054555892944336,17.19440460205078,16.054555892944336
simple,simple,495,100,500,10,10,1.0,1.0,0.3,2.0,data/n100p500/n100p500_input/simple/dataframe/seed_495.csv,data/n100p500/n100p500_input/simple/beta_true/seed_495_beta_true.csv,data/n100p500/n100p500_mcmc_output/simple/seed_495,data/n100p500/n100p500_last_output/simple/seed_495,143;185;195;235;259;302;313;318;462;488,142;184;194;234;258;301;312;317;461;487,0.2767189145088196,17.19162940979004,16.845823287963867,17.19162940979004
simple,simple,496,100,500,10,10,1.0,1.0,0.3,2.0,data/n100p500/n100p500_input/simple/dataframe/seed_496.csv,data/n100p500/n100p500_input/simple/beta_true/seed_496_beta_true.csv,data/n100p500/n100p500_mcmc_output/simple/seed_496,data/n100p500/n100p500_last_output/simple/seed_496,41;86;153;155;161;169;202;283;317;332,40;85;152;154;160;168;201;282;316;331,-0.06549881398677826,12.442066192626953,12.541851997375488,12.442066192626953
simple,simple,497,100,500,10,10,1.0,1.0,0.3,2.0,data/n100p500/n100p500_input/simple/dataframe/seed_497.csv,data/n100p500/n100p500_input/simple/beta_true/seed_497_beta_true.csv,data/n100p500/n100p500_mcmc_output/simple/seed_497,data/n100p500/n100p500_last_output/simple/seed_497,11;157;254;257;282;311;383;394;427;477,10;156;253;256;281;310;382;393;426;476,-0.04930996894836426,18.811473846435547,19.05661392211914,18.811473846435547
simple,simple,498,100,500,10,10,1.0,1.0,0.3,2.0,data/n100p500/n100p500_input/simple/dataframe/seed_498.csv,data/n100p500/n100p500_input/simple/beta_true/seed_498_beta_true.csv,data/n100p500/n100p500_mcmc_output/simple/seed_498,data/n100p500/n100p500_last_output/simple/seed_498,19;63;77;96;131;170;280;335;402;408,18;62;76;95;130;169;279;334;401;407,0.020221363753080368,14.339364051818848,15.503342628479004,14.339364051818848
simple,simple,499,100,500,10,10,1.0,1.0,0.3,2.0,data/n100p500/n100p500_input/simple/dataframe/seed_499.csv,data/n100p500/n100p500_input/simple/beta_true/seed_499_beta_true.csv,data/n100p500/n100p500_mcmc_output/simple/seed_499,data/n100p500/n100p500_last_output/simple/seed_499,7;17;35;67;96;169;186;305;338;473,6;16;34;66;95;168;185;304;337;472,0.6210031509399414,23.079444885253906,24.621328353881836,23.079444885253906
