run_id,seed,selector,ckpt_id,epoch,tau,score,oracle_score,regret,ratio,final_score
F01_seed_400,400,oracle,27,650,0.8,0.65879422,0.65879422,0.0,1.0,1.85037209
F01_seed_400,400,lasso,28,675,0.8,0.68788612,0.65879422,0.02909190000000006,1.044159312751712,1.85037209
F01_seed_400,400,final,61,1500,0.8,1.85037209,0.65879422,1.1915778700000001,2.80872544692332,1.85037209
F01_seed_400,400,min_loss,61,1500,0.8,1.85037209,0.65879422,1.1915778700000001,2.80872544692332,1.85037209
F01_seed_400,400,min_loss_ema,61,1500,0.8,1.85037209,0.65879422,1.1915778700000001,2.80872544692332,1.85037209
F01_seed_401,401,oracle,28,675,0.8,0.43978596,0.43978596,0.0,1.0,1.08372693
F01_seed_401,401,lasso,30,725,0.8,0.47058477,0.43978596,0.03079881000000001,1.0700313625291722,1.08372693
F01_seed_401,401,final,61,1500,0.8,1.08372693,0.43978596,0.6439409700000001,2.464214478333961,1.08372693
F01_seed_401,401,min_loss,61,1500,0.8,1.08372693,0.43978596,0.6439409700000001,2.464214478333961,1.08372693
F01_seed_401,401,min_loss_ema,61,1500,0.8,1.08372693,0.43978596,0.6439409700000001,2.464214478333961,1.08372693
F01_seed_402,402,oracle,26,625,0.8,0.63445702,0.63445702,0.0,1.0,1.46901163
F01_seed_402,402,lasso,30,725,0.8,0.75106694,0.63445702,0.11660991999999992,1.1837948297900462,1.46901163
F01_seed_402,402,final,61,1500,0.8,1.46901163,0.63445702,0.83455461,2.3153839955935864,1.46901163
F01_seed_402,402,min_loss,61,1500,0.8,1.46901163,0.63445702,0.83455461,2.3153839955935864,1.46901163
F01_seed_402,402,min_loss_ema,61,1500,0.8,1.46901163,0.63445702,0.83455461,2.3153839955935864,1.46901163
F01_seed_403,403,oracle,32,775,0.8,0.68670314,0.68670314,0.0,1.0,1.49304484
F01_seed_403,403,lasso,31,750,0.8,0.8163757,0.68670314,0.12967256000000005,1.188833503804861,1.49304484
F01_seed_403,403,final,61,1500,0.8,1.49304484,0.68670314,0.8063417,2.1742216585757856,1.49304484
F01_seed_403,403,min_loss,61,1500,0.8,1.49304484,0.68670314,0.8063417,2.1742216585757856,1.49304484
F01_seed_403,403,min_loss_ema,61,1500,0.8,1.49304484,0.68670314,0.8063417,2.1742216585757856,1.49304484
F01_seed_404,404,oracle,25,600,0.8,0.61659896,0.61659896,0.0,1.0,0.94627591
F01_seed_404,404,lasso,28,675,0.8,0.74825523,0.61659896,0.13165627000000002,1.2135200974065867,0.94627591
F01_seed_404,404,final,61,1500,0.8,0.94627591,0.61659896,0.32967694999999997,1.5346699741433232,0.94627591
F01_seed_404,404,min_loss,61,1500,0.8,0.94627591,0.61659896,0.32967694999999997,1.5346699741433232,0.94627591
F01_seed_404,404,min_loss_ema,61,1500,0.8,0.94627591,0.61659896,0.32967694999999997,1.5346699741433232,0.94627591
F01_seed_405,405,oracle,33,800,0.8,0.91337634,0.91337634,0.0,1.0,2.13515178
F01_seed_405,405,lasso,32,775,0.8,0.99831606,0.91337634,0.08493971999999994,1.0929953145053002,2.13515178
F01_seed_405,405,final,61,1500,0.8,2.13515178,0.91337634,1.22177544,2.337647349174821,2.13515178
F01_seed_405,405,min_loss,61,1500,0.8,2.13515178,0.91337634,1.22177544,2.337647349174821,2.13515178
F01_seed_405,405,min_loss_ema,61,1500,0.8,2.13515178,0.91337634,1.22177544,2.337647349174821,2.13515178
F01_seed_406,406,oracle,38,925,0.8,0.79913887,0.79913887,0.0,1.0,1.70460738
F01_seed_406,406,lasso,29,700,0.8,0.90706744,0.79913887,0.10792857,1.1350560885619292,1.70460738
F01_seed_406,406,final,61,1500,0.8,1.70460738,0.79913887,0.90546851,2.1330552723583573,1.70460738
F01_seed_406,406,min_loss,61,1500,0.8,1.70460738,0.79913887,0.90546851,2.1330552723583573,1.70460738
F01_seed_406,406,min_loss_ema,61,1500,0.8,1.70460738,0.79913887,0.90546851,2.1330552723583573,1.70460738
F01_seed_407,407,oracle,38,925,0.8,0.62946139,0.62946139,0.0,1.0,2.27085875
F01_seed_407,407,lasso,26,625,0.8,0.83257483,0.62946139,0.20311343999999998,1.322678155049351,2.27085875
F01_seed_407,407,final,61,1500,0.8,2.27085875,0.62946139,1.64139736,3.607621986155497,2.27085875
F01_seed_407,407,min_loss,61,1500,0.8,2.27085875,0.62946139,1.64139736,3.607621986155497,2.27085875
F01_seed_407,407,min_loss_ema,61,1500,0.8,2.27085875,0.62946139,1.64139736,3.607621986155497,2.27085875
F01_seed_408,408,oracle,32,775,0.8,0.40190468,0.40190468,0.0,1.0,0.95205985
F01_seed_408,408,lasso,27,650,0.8,0.7595084,0.40190468,0.35760371999999996,1.889772470427565,0.95205985
F01_seed_408,408,final,61,1500,0.8,0.95205985,0.40190468,0.55015517,2.368869777779149,0.95205985
F01_seed_408,408,min_loss,60,1475,0.8,0.96799454,0.40190468,0.56608986,2.4085177112145097,0.95205985
F01_seed_408,408,min_loss_ema,61,1500,0.8,0.95205985,0.40190468,0.55015517,2.368869777779149,0.95205985
F01_seed_409,409,oracle,45,1100,0.8,0.48102722,0.48102722,0.0,1.0,0.88773882
F01_seed_409,409,lasso,31,750,0.8,0.6860469,0.48102722,0.20501968000000004,1.4262122214206507,0.88773882
F01_seed_409,409,final,61,1500,0.8,0.88773882,0.48102722,0.40671160000000006,1.8455064143771325,0.88773882
F01_seed_409,409,min_loss,61,1500,0.8,0.88773882,0.48102722,0.40671160000000006,1.8455064143771325,0.88773882
F01_seed_409,409,min_loss_ema,61,1500,0.8,0.88773882,0.48102722,0.40671160000000006,1.8455064143771325,0.88773882
F01_seed_410,410,oracle,34,825,0.8,0.30163673,0.30163673,0.0,1.0,1.71871053
F01_seed_410,410,lasso,27,650,0.8,0.64597832,0.30163673,0.34434159,2.1415771215925856,1.71871053
F01_seed_410,410,final,61,1500,0.8,1.71871053,0.30163673,1.4170738,5.6979484229258155,1.71871053
F01_seed_410,410,min_loss,61,1500,0.8,1.71871053,0.30163673,1.4170738,5.6979484229258155,1.71871053
F01_seed_410,410,min_loss_ema,61,1500,0.8,1.71871053,0.30163673,1.4170738,5.6979484229258155,1.71871053
F01_seed_411,411,oracle,27,650,0.8,1.23997881,1.23997881,0.0,1.0,1.87460712
F01_seed_411,411,lasso,28,675,0.8,1.40147374,1.23997881,0.16149492999999993,1.1302400724089792,1.87460712
F01_seed_411,411,final,61,1500,0.8,1.87460712,1.23997881,0.6346283100000001,1.5118057702937682,1.87460712
F01_seed_411,411,min_loss,61,1500,0.8,1.87460712,1.23997881,0.6346283100000001,1.5118057702937682,1.87460712
F01_seed_411,411,min_loss_ema,61,1500,0.8,1.87460712,1.23997881,0.6346283100000001,1.5118057702937682,1.87460712
F01_seed_412,412,oracle,32,775,0.8,0.89099362,0.89099362,0.0,1.0,1.31253434
F01_seed_412,412,lasso,32,775,0.8,0.89099362,0.89099362,0.0,1.0,1.31253434
F01_seed_412,412,final,61,1500,0.8,1.31253434,0.89099362,0.42154072,1.4731130622461697,1.31253434
F01_seed_412,412,min_loss,60,1475,0.8,1.17861953,0.89099362,0.28762590999999993,1.3228147806490465,1.31253434
F01_seed_412,412,min_loss_ema,61,1500,0.8,1.31253434,0.89099362,0.42154072,1.4731130622461697,1.31253434
F01_seed_413,413,oracle,38,925,0.8,0.6806334,0.6806334,0.0,1.0,1.27138416
F01_seed_413,413,lasso,33,800,0.8,0.69625224,0.6806334,0.015618839999999912,1.0229475074247016,1.27138416
F01_seed_413,413,final,61,1500,0.8,1.27138416,0.6806334,0.5907507599999999,1.8679426545920312,1.27138416
F01_seed_413,413,min_loss,61,1500,0.8,1.27138416,0.6806334,0.5907507599999999,1.8679426545920312,1.27138416
F01_seed_413,413,min_loss_ema,61,1500,0.8,1.27138416,0.6806334,0.5907507599999999,1.8679426545920312,1.27138416
F01_seed_414,414,oracle,16,375,0.8,0.88621239,0.88621239,0.0,1.0,1.53710232
F01_seed_414,414,lasso,29,700,0.8,1.00588012,0.88621239,0.11966773000000008,1.1350327882461675,1.53710232
F01_seed_414,414,final,61,1500,0.8,1.53710232,0.88621239,0.6508899300000001,1.734462683375483,1.53710232
F01_seed_414,414,min_loss,60,1475,0.8,1.50166482,0.88621239,0.61545243,1.6944750907849528,1.53710232
F01_seed_414,414,min_loss_ema,61,1500,0.8,1.53710232,0.88621239,0.6508899300000001,1.734462683375483,1.53710232
F01_seed_415,415,oracle,26,625,0.8,0.45861742,0.45861742,0.0,1.0,2.005108
F01_seed_415,415,lasso,27,650,0.8,0.57484045,0.45861742,0.11622302999999995,1.2534204435583802,2.005108
F01_seed_415,415,final,61,1500,0.8,2.005108,0.45861742,1.54649058,4.372071169908897,2.005108
F01_seed_415,415,min_loss,61,1500,0.8,2.005108,0.45861742,1.54649058,4.372071169908897,2.005108
F01_seed_415,415,min_loss_ema,61,1500,0.8,2.005108,0.45861742,1.54649058,4.372071169908897,2.005108
F01_seed_416,416,oracle,48,1175,0.8,0.75652557,0.75652557,0.0,1.0,1.26352535
F01_seed_416,416,lasso,32,775,0.8,0.96984584,0.75652557,0.21332026999999998,1.2819736416840477,1.26352535
F01_seed_416,416,final,61,1500,0.8,1.26352535,0.75652557,0.5069997800000001,1.6701687293927159,1.26352535
F01_seed_416,416,min_loss,60,1475,0.8,1.22277803,0.75652557,0.46625246,1.6163076021343203,1.26352535
F01_seed_416,416,min_loss_ema,61,1500,0.8,1.26352535,0.75652557,0.5069997800000001,1.6701687293927159,1.26352535
F01_seed_417,417,oracle,54,1325,0.8,1.37558261,1.37558261,0.0,1.0,1.62643453
F01_seed_417,417,lasso,32,775,0.8,1.50499711,1.37558261,0.1294145,1.094079773224234,1.62643453
F01_seed_417,417,final,61,1500,0.8,1.62643453,1.37558261,0.2508519200000001,1.1823604908759353,1.62643453
F01_seed_417,417,min_loss,61,1500,0.8,1.62643453,1.37558261,0.2508519200000001,1.1823604908759353,1.62643453
F01_seed_417,417,min_loss_ema,61,1500,0.8,1.62643453,1.37558261,0.2508519200000001,1.1823604908759353,1.62643453
F01_seed_418,418,oracle,33,800,0.8,0.51298302,0.51298302,0.0,1.0,0.6042524
F01_seed_418,418,lasso,33,800,0.8,0.51298302,0.51298302,0.0,1.0,0.6042524
F01_seed_418,418,final,61,1500,0.8,0.6042524,0.51298302,0.09126938000000007,1.1779189104543852,0.6042524
F01_seed_418,418,min_loss,61,1500,0.8,0.6042524,0.51298302,0.09126938000000007,1.1779189104543852,0.6042524
F01_seed_418,418,min_loss_ema,61,1500,0.8,0.6042524,0.51298302,0.09126938000000007,1.1779189104543852,0.6042524
F01_seed_419,419,oracle,39,950,0.8,0.68065261,0.68065261,0.0,1.0,1.11713002
F01_seed_419,419,lasso,35,850,0.8,0.74613358,0.68065261,0.06548096999999997,1.0962032159106831,1.11713002
F01_seed_419,419,final,61,1500,0.8,1.11713002,0.68065261,0.43647741000000007,1.641263110707825,1.11713002
F01_seed_419,419,min_loss,61,1500,0.8,1.11713002,0.68065261,0.43647741000000007,1.641263110707825,1.11713002
F01_seed_419,419,min_loss_ema,61,1500,0.8,1.11713002,0.68065261,0.43647741000000007,1.641263110707825,1.11713002
F01_seed_420,420,oracle,33,800,0.8,0.58388249,0.58388249,0.0,1.0,1.8575966
F01_seed_420,420,lasso,31,750,0.8,0.62981366,0.58388249,0.04593117000000002,1.0786650923544565,1.8575966
F01_seed_420,420,final,61,1500,0.8,1.8575966,0.58388249,1.2737141099999998,3.1814562550077494,1.8575966
F01_seed_420,420,min_loss,60,1475,0.8,1.82219233,0.58388249,1.2383098399999999,3.1208203040992033,1.8575966
F01_seed_420,420,min_loss_ema,61,1500,0.8,1.8575966,0.58388249,1.2737141099999998,3.1814562550077494,1.8575966
F01_seed_421,421,oracle,32,775,0.8,0.67276502,0.67276502,0.0,1.0,1.31067114
F01_seed_421,421,lasso,36,875,0.8,0.78361542,0.67276502,0.1108503999999999,1.1647683763344294,1.31067114
F01_seed_421,421,final,61,1500,0.8,1.31067114,0.67276502,0.6379061199999999,1.9481856235628896,1.31067114
F01_seed_421,421,min_loss,61,1500,0.8,1.31067114,0.67276502,0.6379061199999999,1.9481856235628896,1.31067114
F01_seed_421,421,min_loss_ema,61,1500,0.8,1.31067114,0.67276502,0.6379061199999999,1.9481856235628896,1.31067114
F01_seed_422,422,oracle,29,700,0.8,0.60678335,0.60678335,0.0,1.0,1.62734885
F01_seed_422,422,lasso,33,800,0.8,0.77151171,0.60678335,0.1647283599999999,1.2714780489609676,1.62734885
F01_seed_422,422,final,61,1500,0.8,1.62734885,0.60678335,1.0205655,2.6819273304054896,1.62734885
F01_seed_422,422,min_loss,60,1475,0.8,1.65007213,0.60678335,1.0432887800000001,2.7193760837373007,1.62734885
F01_seed_422,422,min_loss_ema,61,1500,0.8,1.62734885,0.60678335,1.0205655,2.6819273304054896,1.62734885
F01_seed_423,423,oracle,27,650,0.8,0.83999129,0.83999129,0.0,1.0,2.14003545
F01_seed_423,423,lasso,26,625,0.8,0.87043184,0.83999129,0.03044055000000001,1.0362391257652208,2.14003545
F01_seed_423,423,final,61,1500,0.8,2.14003545,0.83999129,1.3000441600000001,2.547687667094739,2.14003545
F01_seed_423,423,min_loss,61,1500,0.8,2.14003545,0.83999129,1.3000441600000001,2.547687667094739,2.14003545
F01_seed_423,423,min_loss_ema,61,1500,0.8,2.14003545,0.83999129,1.3000441600000001,2.547687667094739,2.14003545
F01_seed_424,424,oracle,36,875,0.8,0.59731331,0.59731331,0.0,1.0,1.25263299
F01_seed_424,424,lasso,35,850,0.8,0.65262588,0.59731331,0.055312570000000005,1.0926022726665843,1.25263299
F01_seed_424,424,final,61,1500,0.8,1.25263299,0.59731331,0.65531968,2.0971121336639893,1.25263299
F01_seed_424,424,min_loss,60,1475,0.8,1.22801323,0.59731331,0.63069992,2.055894635932355,1.25263299
F01_seed_424,424,min_loss_ema,61,1500,0.8,1.25263299,0.59731331,0.65531968,2.0971121336639893,1.25263299
F01_seed_425,425,oracle,20,475,0.8,1.22412748,1.22412748,0.0,1.0,1.75234223
F01_seed_425,425,lasso,30,725,0.8,1.42787376,1.22412748,0.20374628000000006,1.1664420440916825,1.75234223
F01_seed_425,425,final,61,1500,0.8,1.75234223,1.22412748,0.5282147500000001,1.4315030571815937,1.75234223
F01_seed_425,425,min_loss,60,1475,0.8,1.60767469,1.22412748,0.38354721000000014,1.3133229310398293,1.75234223
F01_seed_425,425,min_loss_ema,61,1500,0.8,1.75234223,1.22412748,0.5282147500000001,1.4315030571815937,1.75234223
F01_seed_426,426,oracle,36,875,0.8,0.911467,0.911467,0.0,1.0,2.63232957
F01_seed_426,426,lasso,32,775,0.8,0.9878996,0.911467,0.07643259999999996,1.0838566837855896,2.63232957
F01_seed_426,426,final,61,1500,0.8,2.63232957,0.911467,1.72086257,2.8880141244828392,2.63232957
F01_seed_426,426,min_loss,61,1500,0.8,2.63232957,0.911467,1.72086257,2.8880141244828392,2.63232957
F01_seed_426,426,min_loss_ema,61,1500,0.8,2.63232957,0.911467,1.72086257,2.8880141244828392,2.63232957
F01_seed_427,427,oracle,27,650,0.8,0.3195915,0.3195915,0.0,1.0,1.23834594
F01_seed_427,427,lasso,31,750,0.8,0.33446009,0.3195915,0.014868590000000015,1.0465237342044453,1.23834594
F01_seed_427,427,final,61,1500,0.8,1.23834594,0.3195915,0.9187544400000001,3.8747774580988548,1.23834594
F01_seed_427,427,min_loss,61,1500,0.8,1.23834594,0.3195915,0.9187544400000001,3.8747774580988548,1.23834594
F01_seed_427,427,min_loss_ema,61,1500,0.8,1.23834594,0.3195915,0.9187544400000001,3.8747774580988548,1.23834594
F01_seed_428,428,oracle,27,650,0.8,0.64486741,0.64486741,0.0,1.0,1.93440728
F01_seed_428,428,lasso,33,800,0.8,0.93960425,0.64486741,0.29473684,1.4570502950366184,1.93440728
F01_seed_428,428,final,61,1500,0.8,1.93440728,0.64486741,1.28953987,2.9996976897933174,1.93440728
F01_seed_428,428,min_loss,60,1475,0.8,1.84945996,0.64486741,1.2045925499999999,2.867969339619752,1.93440728
F01_seed_428,428,min_loss_ema,61,1500,0.8,1.93440728,0.64486741,1.28953987,2.9996976897933174,1.93440728
F01_seed_429,429,oracle,24,575,0.8,0.52847679,0.52847679,0.0,1.0,1.75873953
F01_seed_429,429,lasso,27,650,0.8,0.58644135,0.52847679,0.05796455999999994,1.1096823192556857,1.75873953
F01_seed_429,429,final,61,1500,0.8,1.75873953,0.52847679,1.23026274,3.327940911085234,1.75873953
F01_seed_429,429,min_loss,61,1500,0.8,1.75873953,0.52847679,1.23026274,3.327940911085234,1.75873953
F01_seed_429,429,min_loss_ema,61,1500,0.8,1.75873953,0.52847679,1.23026274,3.327940911085234,1.75873953
F01_seed_430,430,oracle,31,750,0.8,0.54169557,0.54169557,0.0,1.0,1.27688987
F01_seed_430,430,lasso,33,800,0.8,0.65458215,0.54169557,0.11288657999999996,1.2083948738956827,1.27688987
F01_seed_430,430,final,61,1500,0.8,1.27688987,0.54169557,0.7351943,2.3572093639237255,1.27688987
F01_seed_430,430,min_loss,60,1475,0.8,1.2610612,0.54169557,0.7193656300000001,2.327988763134984,1.27688987
F01_seed_430,430,min_loss_ema,61,1500,0.8,1.27688987,0.54169557,0.7351943,2.3572093639237255,1.27688987
F01_seed_431,431,oracle,30,725,0.8,0.60735596,0.60735596,0.0,1.0,1.31840782
F01_seed_431,431,lasso,32,775,0.8,0.71032977,0.60735596,0.10297380999999994,1.1695444134606006,1.31840782
F01_seed_431,431,final,61,1500,0.8,1.31840782,0.60735596,0.71105186,2.1707333208683752,1.31840782
F01_seed_431,431,min_loss,61,1500,0.8,1.31840782,0.60735596,0.71105186,2.1707333208683752,1.31840782
F01_seed_431,431,min_loss_ema,61,1500,0.8,1.31840782,0.60735596,0.71105186,2.1707333208683752,1.31840782
F01_seed_432,432,oracle,48,1175,0.8,0.66269427,0.66269427,0.0,1.0,1.0724209
F01_seed_432,432,lasso,32,775,0.8,0.85711985,0.66269427,0.19442558,1.293386541579724,1.0724209
F01_seed_432,432,final,61,1500,0.8,1.0724209,0.66269427,0.40972663,1.6182739893012805,1.0724209
F01_seed_432,432,min_loss,61,1500,0.8,1.0724209,0.66269427,0.40972663,1.6182739893012805,1.0724209
F01_seed_432,432,min_loss_ema,61,1500,0.8,1.0724209,0.66269427,0.40972663,1.6182739893012805,1.0724209
F01_seed_433,433,oracle,34,825,0.8,0.36835366,0.36835366,0.0,1.0,0.77929585
F01_seed_433,433,lasso,32,775,0.8,0.40234555,0.36835366,0.03399188999999997,1.0922805816562267,0.77929585
F01_seed_433,433,final,61,1500,0.8,0.77929585,0.36835366,0.41094219,2.1156185878538576,0.77929585
F01_seed_433,433,min_loss,61,1500,0.8,0.77929585,0.36835366,0.41094219,2.1156185878538576,0.77929585
F01_seed_433,433,min_loss_ema,61,1500,0.8,0.77929585,0.36835366,0.41094219,2.1156185878538576,0.77929585
F01_seed_434,434,oracle,28,675,0.8,1.14753058,1.14753058,0.0,1.0,1.67695919
F01_seed_434,434,lasso,31,750,0.8,1.30102055,1.14753058,0.1534899700000001,1.1337567579244816,1.67695919
F01_seed_434,434,final,61,1500,0.8,1.67695919,1.14753058,0.5294286100000001,1.4613634000062987,1.67695919
F01_seed_434,434,min_loss,61,1500,0.8,1.67695919,1.14753058,0.5294286100000001,1.4613634000062987,1.67695919
F01_seed_434,434,min_loss_ema,61,1500,0.8,1.67695919,1.14753058,0.5294286100000001,1.4613634000062987,1.67695919
F01_seed_435,435,oracle,28,675,0.8,0.336861,0.336861,0.0,1.0,1.5684569
F01_seed_435,435,lasso,32,775,0.8,0.50391292,0.336861,0.16705191999999996,1.4959075701847349,1.5684569
F01_seed_435,435,final,61,1500,0.8,1.5684569,0.336861,1.2315958999999999,4.656095244032405,1.5684569
F01_seed_435,435,min_loss,61,1500,0.8,1.5684569,0.336861,1.2315958999999999,4.656095244032405,1.5684569
F01_seed_435,435,min_loss_ema,61,1500,0.8,1.5684569,0.336861,1.2315958999999999,4.656095244032405,1.5684569
F01_seed_436,436,oracle,36,875,0.8,0.76350573,0.76350573,0.0,1.0,1.41341403
F01_seed_436,436,lasso,31,750,0.8,1.10260898,0.76350573,0.3391032500000001,1.4441397577985433,1.41341403
F01_seed_436,436,final,61,1500,0.8,1.41341403,0.76350573,0.6499083,1.8512160085556921,1.41341403
F01_seed_436,436,min_loss,60,1475,0.8,1.4002434,0.76350573,0.6367376699999999,1.8339658040287399,1.41341403
F01_seed_436,436,min_loss_ema,61,1500,0.8,1.41341403,0.76350573,0.6499083,1.8512160085556921,1.41341403
F01_seed_437,437,oracle,7,175,0.8,0.86429929,0.86429929,0.0,1.0,1.54604122
F01_seed_437,437,lasso,30,725,0.8,1.05852471,0.86429929,0.19422541999999987,1.2247200966692913,1.54604122
F01_seed_437,437,final,61,1500,0.8,1.54604122,0.86429929,0.6817419299999999,1.7887799259906831,1.54604122
F01_seed_437,437,min_loss,60,1475,0.8,1.59245017,0.86429929,0.72815088,1.8424753883576601,1.54604122
F01_seed_437,437,min_loss_ema,61,1500,0.8,1.54604122,0.86429929,0.6817419299999999,1.7887799259906831,1.54604122
F01_seed_438,438,oracle,26,625,0.8,0.74300015,0.74300015,0.0,1.0,1.57012489
F01_seed_438,438,lasso,32,775,0.8,0.92685946,0.74300015,0.18385931,1.2474552797869556,1.57012489
F01_seed_438,438,final,61,1500,0.8,1.57012489,0.74300015,0.82712474,2.113222843898484,1.57012489
F01_seed_438,438,min_loss,61,1500,0.8,1.57012489,0.74300015,0.82712474,2.113222843898484,1.57012489
F01_seed_438,438,min_loss_ema,61,1500,0.8,1.57012489,0.74300015,0.82712474,2.113222843898484,1.57012489
F01_seed_439,439,oracle,24,575,0.8,1.00744396,1.00744396,0.0,1.0,2.69036906
F01_seed_439,439,lasso,26,625,0.8,1.15247718,1.00744396,0.14503321999999996,1.1439615757882948,2.69036906
F01_seed_439,439,final,61,1500,0.8,2.69036906,1.00744396,1.6829251,2.6704900389695125,2.69036906
F01_seed_439,439,min_loss,60,1475,0.8,2.57441903,1.00744396,1.56697507,2.5553967587437816,2.69036906
F01_seed_439,439,min_loss_ema,61,1500,0.8,2.69036906,1.00744396,1.6829251,2.6704900389695125,2.69036906
F01_seed_440,440,oracle,17,400,0.8,0.77903402,0.77903402,0.0,1.0,1.76352375
F01_seed_440,440,lasso,30,725,0.8,0.94513866,0.77903402,0.16610464000000003,1.2132187243889554,1.76352375
F01_seed_440,440,final,61,1500,0.8,1.76352375,0.77903402,0.9844897300000001,2.263731370807144,1.76352375
F01_seed_440,440,min_loss,61,1500,0.8,1.76352375,0.77903402,0.9844897300000001,2.263731370807144,1.76352375
F01_seed_440,440,min_loss_ema,61,1500,0.8,1.76352375,0.77903402,0.9844897300000001,2.263731370807144,1.76352375
F01_seed_441,441,oracle,25,600,0.8,0.54221424,0.54221424,0.0,1.0,0.91479465
F01_seed_441,441,lasso,30,725,0.8,0.69494019,0.54221424,0.15272595,1.2816708576300024,0.91479465
F01_seed_441,441,final,61,1500,0.8,0.91479465,0.54221424,0.3725804100000001,1.6871461177412088,0.91479465
F01_seed_441,441,min_loss,61,1500,0.8,0.91479465,0.54221424,0.3725804100000001,1.6871461177412088,0.91479465
F01_seed_441,441,min_loss_ema,61,1500,0.8,0.91479465,0.54221424,0.3725804100000001,1.6871461177412088,0.91479465
F01_seed_442,442,oracle,21,500,0.8,0.68312925,0.68312925,0.0,1.0,1.56871755
F01_seed_442,442,lasso,32,775,0.8,0.96411338,0.68312925,0.28098413,1.4113191317748435,1.56871755
F01_seed_442,442,final,61,1500,0.8,1.56871755,0.68312925,0.8855882999999999,2.2963700500307955,1.56871755
F01_seed_442,442,min_loss,61,1500,0.8,1.56871755,0.68312925,0.8855882999999999,2.2963700500307955,1.56871755
F01_seed_442,442,min_loss_ema,61,1500,0.8,1.56871755,0.68312925,0.8855882999999999,2.2963700500307955,1.56871755
F01_seed_443,443,oracle,31,750,0.8,0.53890933,0.53890933,0.0,1.0,1.51328762
F01_seed_443,443,lasso,26,625,0.8,0.80775467,0.53890933,0.26884534000000004,1.4988693367027066,1.51328762
F01_seed_443,443,final,61,1500,0.8,1.51328762,0.53890933,0.9743782900000001,2.8080560787470503,1.51328762
F01_seed_443,443,min_loss,61,1500,0.8,1.51328762,0.53890933,0.9743782900000001,2.8080560787470503,1.51328762
F01_seed_443,443,min_loss_ema,61,1500,0.8,1.51328762,0.53890933,0.9743782900000001,2.8080560787470503,1.51328762
F01_seed_444,444,oracle,33,800,0.8,0.40237683,0.40237683,0.0,1.0,1.28128164
F01_seed_444,444,lasso,28,675,0.8,0.62172339,0.40237683,0.21934655999999997,1.5451272132145382,1.28128164
F01_seed_444,444,final,61,1500,0.8,1.28128164,0.40237683,0.87890481,3.1842828524694125,1.28128164
F01_seed_444,444,min_loss,61,1500,0.8,1.28128164,0.40237683,0.87890481,3.1842828524694125,1.28128164
F01_seed_444,444,min_loss_ema,61,1500,0.8,1.28128164,0.40237683,0.87890481,3.1842828524694125,1.28128164
F01_seed_445,445,oracle,31,750,0.8,0.45167549,0.45167549,0.0,1.0,1.32791246
F01_seed_445,445,lasso,27,650,0.8,0.59741566,0.45167549,0.14574017,1.322665659808107,1.32791246
F01_seed_445,445,final,61,1500,0.8,1.32791246,0.45167549,0.8762369700000001,2.939970154236175,1.32791246
F01_seed_445,445,min_loss,61,1500,0.8,1.32791246,0.45167549,0.8762369700000001,2.939970154236175,1.32791246
F01_seed_445,445,min_loss_ema,61,1500,0.8,1.32791246,0.45167549,0.8762369700000001,2.939970154236175,1.32791246
F01_seed_446,446,oracle,32,775,0.8,0.26436188,0.26436188,0.0,1.0,1.22005602
F01_seed_446,446,lasso,34,825,0.8,0.35583703,0.26436188,0.09147515,1.3460224673844807,1.22005602
F01_seed_446,446,final,61,1500,0.8,1.22005602,0.26436188,0.9556941399999999,4.615098137447048,1.22005602
F01_seed_446,446,min_loss,61,1500,0.8,1.22005602,0.26436188,0.9556941399999999,4.615098137447048,1.22005602
F01_seed_446,446,min_loss_ema,61,1500,0.8,1.22005602,0.26436188,0.9556941399999999,4.615098137447048,1.22005602
F01_seed_447,447,oracle,26,625,0.8,1.06010057,1.06010057,0.0,1.0,2.18139615
F01_seed_447,447,lasso,34,825,0.8,1.27938746,1.06010057,0.21928689,1.2068547986914109,2.18139615
F01_seed_447,447,final,61,1500,0.8,2.18139615,1.06010057,1.12129558,2.057725664650855,2.18139615
F01_seed_447,447,min_loss,61,1500,0.8,2.18139615,1.06010057,1.12129558,2.057725664650855,2.18139615
F01_seed_447,447,min_loss_ema,61,1500,0.8,2.18139615,1.06010057,1.12129558,2.057725664650855,2.18139615
F01_seed_448,448,oracle,25,600,0.8,0.8987495,0.8987495,0.0,1.0,1.863418
F01_seed_448,448,lasso,32,775,0.8,0.95181116,0.8987495,0.05306166000000001,1.0590394320108105,1.863418
F01_seed_448,448,final,61,1500,0.8,1.863418,0.8987495,0.9646685,2.073345242473014,1.863418
F01_seed_448,448,min_loss,61,1500,0.8,1.863418,0.8987495,0.9646685,2.073345242473014,1.863418
F01_seed_448,448,min_loss_ema,61,1500,0.8,1.863418,0.8987495,0.9646685,2.073345242473014,1.863418
F01_seed_449,449,oracle,42,1025,0.8,0.81606458,0.81606458,0.0,1.0,1.23558358
F01_seed_449,449,lasso,29,700,0.8,1.04750861,0.81606458,0.2314440299999999,1.2836099442031903,1.23558358
F01_seed_449,449,final,61,1500,0.8,1.23558358,0.81606458,0.41951899999999986,1.5140757365060493,1.23558358
F01_seed_449,449,min_loss,60,1475,0.8,1.15103825,0.81606458,0.33497367,1.410474462695097,1.23558358
F01_seed_449,449,min_loss_ema,61,1500,0.8,1.23558358,0.81606458,0.41951899999999986,1.5140757365060493,1.23558358
F01_seed_450,450,oracle,28,675,0.8,0.49761836,0.49761836,0.0,1.0,1.64375525
F01_seed_450,450,lasso,25,600,0.8,0.70491594,0.49761836,0.20729758000000004,1.4165794445365723,1.64375525
F01_seed_450,450,final,61,1500,0.8,1.64375525,0.49761836,1.14613689,3.3032447797947,1.64375525
F01_seed_450,450,min_loss,61,1500,0.8,1.64375525,0.49761836,1.14613689,3.3032447797947,1.64375525
F01_seed_450,450,min_loss_ema,61,1500,0.8,1.64375525,0.49761836,1.14613689,3.3032447797947,1.64375525
F01_seed_451,451,oracle,23,550,0.8,0.62368316,0.62368316,0.0,1.0,2.02107467
F01_seed_451,451,lasso,30,725,0.8,0.68854666,0.62368316,0.06486349999999996,1.104000723700797,2.02107467
F01_seed_451,451,final,61,1500,0.8,2.02107467,0.62368316,1.3973915099999998,3.2405471233181924,2.02107467
F01_seed_451,451,min_loss,61,1500,0.8,2.02107467,0.62368316,1.3973915099999998,3.2405471233181924,2.02107467
F01_seed_451,451,min_loss_ema,61,1500,0.8,2.02107467,0.62368316,1.3973915099999998,3.2405471233181924,2.02107467
F01_seed_452,452,oracle,17,400,0.8,0.46492457,0.46492457,0.0,1.0,1.65004289
F01_seed_452,452,lasso,29,700,0.8,0.68842097,0.46492457,0.22349640000000004,1.4807153986290724,1.65004289
F01_seed_452,452,final,61,1500,0.8,1.65004289,0.46492457,1.18511832,3.549055043488022,1.65004289
F01_seed_452,452,min_loss,61,1500,0.8,1.65004289,0.46492457,1.18511832,3.549055043488022,1.65004289
F01_seed_452,452,min_loss_ema,61,1500,0.8,1.65004289,0.46492457,1.18511832,3.549055043488022,1.65004289
F01_seed_453,453,oracle,30,725,0.8,0.97529344,0.97529344,0.0,1.0,2.21946845
F01_seed_453,453,lasso,30,725,0.8,0.97529344,0.97529344,0.0,1.0,2.21946845
F01_seed_453,453,final,61,1500,0.8,2.21946845,0.97529344,1.24417501,2.2756929955357847,2.21946845
F01_seed_453,453,min_loss,61,1500,0.8,2.21946845,0.97529344,1.24417501,2.2756929955357847,2.21946845
F01_seed_453,453,min_loss_ema,61,1500,0.8,2.21946845,0.97529344,1.24417501,2.2756929955357847,2.21946845
F01_seed_454,454,oracle,30,725,0.8,0.92268066,0.92268066,0.0,1.0,2.32235317
F01_seed_454,454,lasso,31,750,0.8,1.15732101,0.92268066,0.23464034999999994,1.2543028809122323,2.32235317
F01_seed_454,454,final,61,1500,0.8,2.32235317,0.92268066,1.3996725099999998,2.5169630953357145,2.32235317
F01_seed_454,454,min_loss,61,1500,0.8,2.32235317,0.92268066,1.3996725099999998,2.5169630953357145,2.32235317
F01_seed_454,454,min_loss_ema,61,1500,0.8,2.32235317,0.92268066,1.3996725099999998,2.5169630953357145,2.32235317
F01_seed_455,455,oracle,30,725,0.8,0.77688088,0.77688088,0.0,1.0,1.84965146
F01_seed_455,455,lasso,28,675,0.8,0.94697294,0.77688088,0.17009206,1.2189422656405189,1.84965146
F01_seed_455,455,final,61,1500,0.8,1.84965146,0.77688088,1.07277058,2.3808688147917865,1.84965146
F01_seed_455,455,min_loss,61,1500,0.8,1.84965146,0.77688088,1.07277058,2.3808688147917865,1.84965146
F01_seed_455,455,min_loss_ema,61,1500,0.8,1.84965146,0.77688088,1.07277058,2.3808688147917865,1.84965146
F01_seed_456,456,oracle,28,675,0.8,0.66386289,0.66386289,0.0,1.0,1.33916431
F01_seed_456,456,lasso,34,825,0.8,0.70421323,0.66386289,0.04035034000000004,1.060781135092519,1.33916431
F01_seed_456,456,final,61,1500,0.8,1.33916431,0.66386289,0.6753014199999999,2.017230259700162,1.33916431
F01_seed_456,456,min_loss,61,1500,0.8,1.33916431,0.66386289,0.6753014199999999,2.017230259700162,1.33916431
F01_seed_456,456,min_loss_ema,61,1500,0.8,1.33916431,0.66386289,0.6753014199999999,2.017230259700162,1.33916431
F01_seed_457,457,oracle,27,650,0.8,0.56077316,0.56077316,0.0,1.0,1.35644083
F01_seed_457,457,lasso,29,700,0.8,0.71776684,0.56077316,0.15699368000000002,1.279959333289061,1.35644083
F01_seed_457,457,final,61,1500,0.8,1.35644083,0.56077316,0.7956676699999999,2.4188761637593355,1.35644083
F01_seed_457,457,min_loss,61,1500,0.8,1.35644083,0.56077316,0.7956676699999999,2.4188761637593355,1.35644083
F01_seed_457,457,min_loss_ema,61,1500,0.8,1.35644083,0.56077316,0.7956676699999999,2.4188761637593355,1.35644083
F01_seed_458,458,oracle,28,675,0.8,1.05854909,1.05854909,0.0,1.0,1.60877646
F01_seed_458,458,lasso,31,750,0.8,1.24169035,1.05854909,0.18314125999999997,1.173011588909873,1.60877646
F01_seed_458,458,final,61,1500,0.8,1.60877646,1.05854909,0.55022737,1.5197939096050803,1.60877646
F01_seed_458,458,min_loss,61,1500,0.8,1.60877646,1.05854909,0.55022737,1.5197939096050803,1.60877646
F01_seed_458,458,min_loss_ema,61,1500,0.8,1.60877646,1.05854909,0.55022737,1.5197939096050803,1.60877646
F01_seed_459,459,oracle,31,750,0.8,0.61285422,0.61285422,0.0,1.0,1.28560906
F01_seed_459,459,lasso,34,825,0.8,0.69043628,0.61285422,0.07758206000000001,1.1265913776362673,1.28560906
F01_seed_459,459,final,61,1500,0.8,1.28560906,0.61285422,0.6727548400000001,2.097740405540489,1.28560906
F01_seed_459,459,min_loss,61,1500,0.8,1.28560906,0.61285422,0.6727548400000001,2.097740405540489,1.28560906
F01_seed_459,459,min_loss_ema,61,1500,0.8,1.28560906,0.61285422,0.6727548400000001,2.097740405540489,1.28560906
F01_seed_460,460,oracle,47,1150,0.8,0.60352689,0.60352689,0.0,1.0,0.96862361
F01_seed_460,460,lasso,34,825,0.8,0.96570966,0.60352689,0.36218277,1.600110410987653,0.96862361
F01_seed_460,460,final,61,1500,0.8,0.96862361,0.60352689,0.36509671999999993,1.6049386134228416,0.96862361
F01_seed_460,460,min_loss,61,1500,0.8,0.96862361,0.60352689,0.36509671999999993,1.6049386134228416,0.96862361
F01_seed_460,460,min_loss_ema,61,1500,0.8,0.96862361,0.60352689,0.36509671999999993,1.6049386134228416,0.96862361
F01_seed_461,461,oracle,35,850,0.8,0.77523682,0.77523682,0.0,1.0,1.41591595
F01_seed_461,461,lasso,29,700,0.8,0.86855941,0.77523682,0.09332258999999998,1.1203794603047879,1.41591595
F01_seed_461,461,final,61,1500,0.8,1.41591595,0.77523682,0.64067913,1.8264302126413448,1.41591595
F01_seed_461,461,min_loss,60,1475,0.8,1.38551087,0.77523682,0.61027405,1.7872098360859587,1.41591595
F01_seed_461,461,min_loss_ema,61,1500,0.8,1.41591595,0.77523682,0.64067913,1.8264302126413448,1.41591595
F01_seed_462,462,oracle,33,800,0.8,0.54654748,0.54654748,0.0,1.0,1.108667
F01_seed_462,462,lasso,33,800,0.8,0.54654748,0.54654748,0.0,1.0,1.108667
F01_seed_462,462,final,61,1500,0.8,1.108667,0.54654748,0.5621195200000001,2.028491650899205,1.108667
F01_seed_462,462,min_loss,61,1500,0.8,1.108667,0.54654748,0.5621195200000001,2.028491650899205,1.108667
F01_seed_462,462,min_loss_ema,61,1500,0.8,1.108667,0.54654748,0.5621195200000001,2.028491650899205,1.108667
F01_seed_463,463,oracle,36,875,0.8,0.41642866,0.41642866,0.0,1.0,1.35363235
F01_seed_463,463,lasso,33,800,0.8,0.63855725,0.41642866,0.22212858999999996,1.533413310217409,1.35363235
F01_seed_463,463,final,61,1500,0.8,1.35363235,0.41642866,0.93720369,3.250574420117962,1.35363235
F01_seed_463,463,min_loss,61,1500,0.8,1.35363235,0.41642866,0.93720369,3.250574420117962,1.35363235
F01_seed_463,463,min_loss_ema,61,1500,0.8,1.35363235,0.41642866,0.93720369,3.250574420117962,1.35363235
F01_seed_464,464,oracle,35,850,0.8,0.82740333,0.82740333,0.0,1.0,1.13648097
F01_seed_464,464,lasso,28,675,0.8,0.90471618,0.82740333,0.07731284999999999,1.0934403418463399,1.13648097
F01_seed_464,464,final,61,1500,0.8,1.13648097,0.82740333,0.30907764000000004,1.3735513609789316,1.13648097
F01_seed_464,464,min_loss,61,1500,0.8,1.13648097,0.82740333,0.30907764000000004,1.3735513609789316,1.13648097
F01_seed_464,464,min_loss_ema,61,1500,0.8,1.13648097,0.82740333,0.30907764000000004,1.3735513609789316,1.13648097
F01_seed_465,465,oracle,21,500,0.8,0.70514897,0.70514897,0.0,1.0,1.58087169
F01_seed_465,465,lasso,29,700,0.8,0.89064637,0.70514897,0.18549740000000003,1.263061293275377,1.58087169
F01_seed_465,465,final,61,1500,0.8,1.58087169,0.70514897,0.87572272,2.2418974674245074,1.58087169
F01_seed_465,465,min_loss,61,1500,0.8,1.58087169,0.70514897,0.87572272,2.2418974674245074,1.58087169
F01_seed_465,465,min_loss_ema,61,1500,0.8,1.58087169,0.70514897,0.87572272,2.2418974674245074,1.58087169
F01_seed_466,466,oracle,26,625,0.8,1.10425757,1.10425757,0.0,1.0,1.93006294
F01_seed_466,466,lasso,30,725,0.8,1.22225822,1.10425757,0.11800065000000015,1.1068597157092617,1.93006294
F01_seed_466,466,final,61,1500,0.8,1.93006294,1.10425757,0.8258053700000001,1.747837635380666,1.93006294
F01_seed_466,466,min_loss,61,1500,0.8,1.93006294,1.10425757,0.8258053700000001,1.747837635380666,1.93006294
F01_seed_466,466,min_loss_ema,61,1500,0.8,1.93006294,1.10425757,0.8258053700000001,1.747837635380666,1.93006294
F01_seed_467,467,oracle,29,700,0.8,0.76307129,0.76307129,0.0,1.0,0.89510671
F01_seed_467,467,lasso,33,800,0.8,0.85369731,0.76307129,0.09062602000000008,1.118764814228563,0.89510671
F01_seed_467,467,final,61,1500,0.8,0.89510671,0.76307129,0.13203542000000001,1.173031565635237,0.89510671
F01_seed_467,467,min_loss,61,1500,0.8,0.89510671,0.76307129,0.13203542000000001,1.173031565635237,0.89510671
F01_seed_467,467,min_loss_ema,61,1500,0.8,0.89510671,0.76307129,0.13203542000000001,1.173031565635237,0.89510671
F01_seed_468,468,oracle,30,725,0.8,0.60446963,0.60446963,0.0,1.0,1.40665899
F01_seed_468,468,lasso,32,775,0.8,0.71836118,0.60446963,0.11389155000000006,1.1884156694522436,1.40665899
F01_seed_468,468,final,61,1500,0.8,1.40665899,0.60446963,0.80218936,2.3270962182169517,1.40665899
F01_seed_468,468,min_loss,61,1500,0.8,1.40665899,0.60446963,0.80218936,2.3270962182169517,1.40665899
F01_seed_468,468,min_loss_ema,61,1500,0.8,1.40665899,0.60446963,0.80218936,2.3270962182169517,1.40665899
F01_seed_469,469,oracle,28,675,0.8,0.55982906,0.55982906,0.0,1.0,1.87069323
F01_seed_469,469,lasso,29,700,0.8,0.62536244,0.55982906,0.06553337999999997,1.117059625307768,1.87069323
F01_seed_469,469,final,61,1500,0.8,1.87069323,0.55982906,1.31086417,3.341543631193422,1.87069323
F01_seed_469,469,min_loss,60,1475,0.8,1.89076522,0.55982906,1.33093616,3.3773974148465964,1.87069323
F01_seed_469,469,min_loss_ema,61,1500,0.8,1.87069323,0.55982906,1.31086417,3.341543631193422,1.87069323
F01_seed_470,470,oracle,34,825,0.8,0.67428347,0.67428347,0.0,1.0,2.00300737
F01_seed_470,470,lasso,26,625,0.8,0.87766294,0.67428347,0.20337947,1.3016230992582394,2.00300737
F01_seed_470,470,final,61,1500,0.8,2.00300737,0.67428347,1.3287239000000002,2.970571664762893,2.00300737
F01_seed_470,470,min_loss,61,1500,0.8,2.00300737,0.67428347,1.3287239000000002,2.970571664762893,2.00300737
F01_seed_470,470,min_loss_ema,61,1500,0.8,2.00300737,0.67428347,1.3287239000000002,2.970571664762893,2.00300737
F01_seed_471,471,oracle,38,925,0.8,0.87896405,0.87896405,0.0,1.0,1.14318691
F01_seed_471,471,lasso,34,825,0.8,0.91764682,0.87896405,0.03868276999999998,1.044009501867568,1.14318691
F01_seed_471,471,final,61,1500,0.8,1.14318691,0.87896405,0.26422286000000006,1.300607129495228,1.14318691
F01_seed_471,471,min_loss,61,1500,0.8,1.14318691,0.87896405,0.26422286000000006,1.300607129495228,1.14318691
F01_seed_471,471,min_loss_ema,61,1500,0.8,1.14318691,0.87896405,0.26422286000000006,1.300607129495228,1.14318691
F01_seed_472,472,oracle,25,600,0.8,1.14659114,1.14659114,0.0,1.0,2.51808988
F01_seed_472,472,lasso,29,700,0.8,1.23233395,1.14659114,0.08574280999999995,1.0747806319173197,2.51808988
F01_seed_472,472,final,61,1500,0.8,2.51808988,1.14659114,1.3714987399999998,2.1961532687231475,2.51808988
F01_seed_472,472,min_loss,61,1500,0.8,2.51808988,1.14659114,1.3714987399999998,2.1961532687231475,2.51808988
F01_seed_472,472,min_loss_ema,61,1500,0.8,2.51808988,1.14659114,1.3714987399999998,2.1961532687231475,2.51808988
F01_seed_473,473,oracle,26,625,0.8,0.59551512,0.59551512,0.0,1.0,1.85443001
F01_seed_473,473,lasso,29,700,0.8,0.6723242,0.59551512,0.07680908000000009,1.128979227261266,1.85443001
F01_seed_473,473,final,61,1500,0.8,1.85443001,0.59551512,1.25891489,3.113993159401226,1.85443001
F01_seed_473,473,min_loss,61,1500,0.8,1.85443001,0.59551512,1.25891489,3.113993159401226,1.85443001
F01_seed_473,473,min_loss_ema,61,1500,0.8,1.85443001,0.59551512,1.25891489,3.113993159401226,1.85443001
F01_seed_474,474,oracle,27,650,0.8,0.48331973,0.48331973,0.0,1.0,1.18406375
F01_seed_474,474,lasso,27,650,0.8,0.48331973,0.48331973,0.0,1.0,1.18406375
F01_seed_474,474,final,61,1500,0.8,1.18406375,0.48331973,0.7007440199999999,2.4498560197408037,1.18406375
F01_seed_474,474,min_loss,60,1475,0.8,1.26759639,0.48331973,0.78427666,2.6226870357640895,1.18406375
F01_seed_474,474,min_loss_ema,61,1500,0.8,1.18406375,0.48331973,0.7007440199999999,2.4498560197408037,1.18406375
F01_seed_475,475,oracle,23,550,0.8,1.07776663,1.07776663,0.0,1.0,1.90953011
F01_seed_475,475,lasso,26,625,0.8,1.23244472,1.07776663,0.15467809,1.1435172380499479,1.90953011
F01_seed_475,475,final,61,1500,0.8,1.90953011,1.07776663,0.83176348,1.7717472937531942,1.90953011
F01_seed_475,475,min_loss,61,1500,0.8,1.90953011,1.07776663,0.83176348,1.7717472937531942,1.90953011
F01_seed_475,475,min_loss_ema,61,1500,0.8,1.90953011,1.07776663,0.83176348,1.7717472937531942,1.90953011
F01_seed_476,476,oracle,10,250,0.8,0.70889143,0.70889143,0.0,1.0,1.80223675
F01_seed_476,476,lasso,30,725,0.8,1.18525701,0.70889143,0.47636557999999996,1.6719866538660229,1.80223675
F01_seed_476,476,final,61,1500,0.8,1.80223675,0.70889143,1.09334532,2.5423311296061235,1.80223675
F01_seed_476,476,min_loss,61,1500,0.8,1.80223675,0.70889143,1.09334532,2.5423311296061235,1.80223675
F01_seed_476,476,min_loss_ema,61,1500,0.8,1.80223675,0.70889143,1.09334532,2.5423311296061235,1.80223675
F01_seed_477,477,oracle,20,475,0.8,0.63177655,0.63177655,0.0,1.0,1.3617778
F01_seed_477,477,lasso,26,625,0.8,0.7253849,0.63177655,0.09360835,1.1481668637432016,1.3617778
F01_seed_477,477,final,61,1500,0.8,1.3617778,0.63177655,0.73000125,2.1554737984497843,1.3617778
F01_seed_477,477,min_loss,61,1500,0.8,1.3617778,0.63177655,0.73000125,2.1554737984497843,1.3617778
F01_seed_477,477,min_loss_ema,61,1500,0.8,1.3617778,0.63177655,0.73000125,2.1554737984497843,1.3617778
F01_seed_478,478,oracle,29,700,0.8,1.2583591,1.2583591,0.0,1.0,2.67029251
F01_seed_478,478,lasso,28,675,0.8,1.27806344,1.2583591,0.019704339999999876,1.0156587575041178,2.67029251
F01_seed_478,478,final,61,1500,0.8,2.67029251,1.2583591,1.4119334099999998,2.122043310212482,2.67029251
F01_seed_478,478,min_loss,59,1450,0.8,2.5362516,1.2583591,1.2778924999999999,2.0155229139281463,2.67029251
F01_seed_478,478,min_loss_ema,61,1500,0.8,2.67029251,1.2583591,1.4119334099999998,2.122043310212482,2.67029251
F01_seed_479,479,oracle,24,575,0.8,1.16844956,1.16844956,0.0,1.0,1.75370097
F01_seed_479,479,lasso,32,775,0.8,1.2531175,1.16844956,0.08466794000000011,1.0724617843152768,1.75370097
F01_seed_479,479,final,61,1500,0.8,1.75370097,1.16844956,0.5852514099999999,1.5008786258604094,1.75370097
F01_seed_479,479,min_loss,61,1500,0.8,1.75370097,1.16844956,0.5852514099999999,1.5008786258604094,1.75370097
F01_seed_479,479,min_loss_ema,61,1500,0.8,1.75370097,1.16844956,0.5852514099999999,1.5008786258604094,1.75370097
F01_seed_480,480,oracle,31,750,0.8,1.125512,1.125512,0.0,1.0,2.6325742
F01_seed_480,480,lasso,33,800,0.8,1.20018814,1.125512,0.07467614,1.0663485951282616,2.6325742
F01_seed_480,480,final,61,1500,0.8,2.6325742,1.125512,1.5070622,2.3390014500067524,2.6325742
F01_seed_480,480,min_loss,61,1500,0.8,2.6325742,1.125512,1.5070622,2.3390014500067524,2.6325742
F01_seed_480,480,min_loss_ema,61,1500,0.8,2.6325742,1.125512,1.5070622,2.3390014500067524,2.6325742
F01_seed_481,481,oracle,24,575,0.8,0.7386167,0.7386167,0.0,1.0,1.51741633
F01_seed_481,481,lasso,29,700,0.8,0.74567886,0.7386167,0.0070621600000000395,1.0095613326912323,1.51741633
F01_seed_481,481,final,61,1500,0.8,1.51741633,0.7386167,0.7787996300000001,2.054402953521089,1.51741633
F01_seed_481,481,min_loss,60,1475,0.8,1.57995281,0.7386167,0.84133611,2.1390699804106785,1.51741633
F01_seed_481,481,min_loss_ema,61,1500,0.8,1.51741633,0.7386167,0.7787996300000001,2.054402953521089,1.51741633
F01_seed_482,482,oracle,34,825,0.8,0.6544937,0.6544937,0.0,1.0,1.86887585
F01_seed_482,482,lasso,32,775,0.8,0.74214826,0.6544937,0.08765456000000005,1.1339272784443915,1.86887585
F01_seed_482,482,final,61,1500,0.8,1.86887585,0.6544937,1.21438215,2.8554527721198846,1.86887585
F01_seed_482,482,min_loss,60,1475,0.8,1.66165135,0.6544937,1.0071576500000001,2.5388347511977583,1.86887585
F01_seed_482,482,min_loss_ema,61,1500,0.8,1.86887585,0.6544937,1.21438215,2.8554527721198846,1.86887585
F01_seed_483,483,oracle,20,475,0.8,1.16206589,1.16206589,0.0,1.0,2.96257474
F01_seed_483,483,lasso,30,725,0.8,1.35520473,1.16206589,0.19313884000000003,1.166203002482071,2.96257474
F01_seed_483,483,final,61,1500,0.8,2.96257474,1.16206589,1.80050885,2.5494034077534105,2.96257474
F01_seed_483,483,min_loss,59,1450,0.8,2.76220416,1.16206589,1.60013827,2.376977229750716,2.96257474
F01_seed_483,483,min_loss_ema,61,1500,0.8,2.96257474,1.16206589,1.80050885,2.5494034077534105,2.96257474
F01_seed_484,484,oracle,31,750,0.8,0.96000345,0.96000345,0.0,1.0,1.06686847
F01_seed_484,484,lasso,34,825,0.8,1.02334228,0.96000345,0.06333883000000007,1.0659777108092685,1.06686847
F01_seed_484,484,final,61,1500,0.8,1.06686847,0.96000345,0.10686501999999998,1.1113173291200151,1.06686847
F01_seed_484,484,min_loss,61,1500,0.8,1.06686847,0.96000345,0.10686501999999998,1.1113173291200151,1.06686847
F01_seed_484,484,min_loss_ema,61,1500,0.8,1.06686847,0.96000345,0.10686501999999998,1.1113173291200151,1.06686847
F01_seed_485,485,oracle,28,675,0.8,0.45178692,0.45178692,0.0,1.0,2.01158679
F01_seed_485,485,lasso,35,850,0.8,0.59692269,0.45178692,0.14513577,1.3212482778385881,2.01158679
F01_seed_485,485,final,61,1500,0.8,2.01158679,0.45178692,1.55979987,4.452512237406077,2.01158679
F01_seed_485,485,min_loss,60,1475,0.8,2.01016915,0.45178692,1.5583822299999999,4.449374386491756,2.01158679
F01_seed_485,485,min_loss_ema,61,1500,0.8,2.01158679,0.45178692,1.55979987,4.452512237406077,2.01158679
F01_seed_486,486,oracle,39,950,0.8,0.66008127,0.66008127,0.0,1.0,1.37215829
F01_seed_486,486,lasso,34,825,0.8,0.84635145,0.66008127,0.18627017999999995,1.2821927972596465,1.37215829
F01_seed_486,486,final,61,1500,0.8,1.37215829,0.66008127,0.71207702,2.0787717397283516,1.37215829
F01_seed_486,486,min_loss,60,1475,0.8,1.20088373,0.66008127,0.5408024599999999,1.819296781440261,1.37215829
F01_seed_486,486,min_loss_ema,61,1500,0.8,1.37215829,0.66008127,0.71207702,2.0787717397283516,1.37215829
F01_seed_487,487,oracle,34,825,0.8,0.56574867,0.56574867,0.0,1.0,1.03494042
F01_seed_487,487,lasso,30,725,0.8,0.68513145,0.56574867,0.11938278000000002,1.211017340968738,1.03494042
F01_seed_487,487,final,61,1500,0.8,1.03494042,0.56574867,0.46919175000000013,1.8293289491957625,1.03494042
F01_seed_487,487,min_loss,60,1475,0.8,1.04838255,0.56574867,0.48263387999999996,1.853088845971127,1.03494042
F01_seed_487,487,min_loss_ema,61,1500,0.8,1.03494042,0.56574867,0.46919175000000013,1.8293289491957625,1.03494042
F01_seed_488,488,oracle,26,625,0.8,0.96207609,0.96207609,0.0,1.0,1.7246635
F01_seed_488,488,lasso,28,675,0.8,1.04475186,0.96207609,0.08267577000000004,1.085934751792865,1.7246635
F01_seed_488,488,final,61,1500,0.8,1.7246635,0.96207609,0.7625874099999999,1.7926477104321341,1.7246635
F01_seed_488,488,min_loss,61,1500,0.8,1.7246635,0.96207609,0.7625874099999999,1.7926477104321341,1.7246635
F01_seed_488,488,min_loss_ema,61,1500,0.8,1.7246635,0.96207609,0.7625874099999999,1.7926477104321341,1.7246635
F01_seed_489,489,oracle,20,475,0.8,0.68682549,0.68682549,0.0,1.0,1.24424038
F01_seed_489,489,lasso,32,775,0.8,0.84880298,0.68682549,0.16197748999999995,1.2358350008238628,1.24424038
F01_seed_489,489,final,61,1500,0.8,1.24424038,0.68682549,0.5574148899999999,1.8115815416227488,1.24424038
F01_seed_489,489,min_loss,61,1500,0.8,1.24424038,0.68682549,0.5574148899999999,1.8115815416227488,1.24424038
F01_seed_489,489,min_loss_ema,61,1500,0.8,1.24424038,0.68682549,0.5574148899999999,1.8115815416227488,1.24424038
F01_seed_490,490,oracle,42,1025,0.8,0.90937481,0.90937481,0.0,1.0,1.13069134
F01_seed_490,490,lasso,36,875,0.8,1.0076061,0.90937481,0.09823129000000008,1.1080206851122256,1.13069134
F01_seed_490,490,final,61,1500,0.8,1.13069134,0.90937481,0.22131653000000007,1.2433721800585174,1.13069134
F01_seed_490,490,min_loss,61,1500,0.8,1.13069134,0.90937481,0.22131653000000007,1.2433721800585174,1.13069134
F01_seed_490,490,min_loss_ema,61,1500,0.8,1.13069134,0.90937481,0.22131653000000007,1.2433721800585174,1.13069134
F01_seed_491,491,oracle,11,275,0.8,0.94921328,0.94921328,0.0,1.0,1.20203579
F01_seed_491,491,lasso,27,650,0.8,1.36263401,0.94921328,0.41342073,1.435540398254858,1.20203579
F01_seed_491,491,final,61,1500,0.8,1.20203579,0.94921328,0.25282251,1.2663495289488576,1.20203579
F01_seed_491,491,min_loss,60,1475,0.8,1.29941228,0.94921328,0.35019900000000004,1.3689360519692688,1.20203579
F01_seed_491,491,min_loss_ema,61,1500,0.8,1.20203579,0.94921328,0.25282251,1.2663495289488576,1.20203579
F01_seed_492,492,oracle,29,700,0.8,0.77984219,0.77984219,0.0,1.0,1.44040176
F01_seed_492,492,lasso,30,725,0.8,0.85298336,0.77984219,0.07314116999999998,1.093789706350717,1.44040176
F01_seed_492,492,final,61,1500,0.8,1.44040176,0.77984219,0.6605595700000001,1.8470426176865349,1.44040176
F01_seed_492,492,min_loss,59,1450,0.8,1.60827211,0.77984219,0.8284299199999999,2.0623045670304143,1.44040176
F01_seed_492,492,min_loss_ema,61,1500,0.8,1.44040176,0.77984219,0.6605595700000001,1.8470426176865349,1.44040176
F01_seed_493,493,oracle,31,750,0.8,0.70812545,0.70812545,0.0,1.0,1.17110049
F01_seed_493,493,lasso,31,750,0.8,0.70812545,0.70812545,0.0,1.0,1.17110049
F01_seed_493,493,final,61,1500,0.8,1.17110049,0.70812545,0.4629750399999999,1.6538037010250088,1.17110049
F01_seed_493,493,min_loss,61,1500,0.8,1.17110049,0.70812545,0.4629750399999999,1.6538037010250088,1.17110049
F01_seed_493,493,min_loss_ema,61,1500,0.8,1.17110049,0.70812545,0.4629750399999999,1.6538037010250088,1.17110049
F01_seed_494,494,oracle,38,925,0.8,0.61455408,0.61455408,0.0,1.0,1.30443917
F01_seed_494,494,lasso,33,800,0.8,0.70032715,0.61455408,0.08577307,1.139569604679868,1.30443917
F01_seed_494,494,final,61,1500,0.8,1.30443917,0.61455408,0.68988509,2.122578325409539,1.30443917
F01_seed_494,494,min_loss,61,1500,0.8,1.30443917,0.61455408,0.68988509,2.122578325409539,1.30443917
F01_seed_494,494,min_loss_ema,61,1500,0.8,1.30443917,0.61455408,0.68988509,2.122578325409539,1.30443917
F01_seed_495,495,oracle,34,825,0.8,0.65265069,0.65265069,0.0,1.0,1.2234563
F01_seed_495,495,lasso,33,800,0.8,0.70119686,0.65265069,0.048546170000000055,1.0743830823192726,1.2234563
F01_seed_495,495,final,61,1500,0.8,1.2234563,0.65265069,0.5708056100000001,1.8745958883457245,1.2234563
F01_seed_495,495,min_loss,61,1500,0.8,1.2234563,0.65265069,0.5708056100000001,1.8745958883457245,1.2234563
F01_seed_495,495,min_loss_ema,61,1500,0.8,1.2234563,0.65265069,0.5708056100000001,1.8745958883457245,1.2234563
F01_seed_496,496,oracle,28,675,0.8,0.69072305,0.69072305,0.0,1.0,1.64246724
F01_seed_496,496,lasso,30,725,0.8,0.92597161,0.69072305,0.23524855999999994,1.340583045549153,1.64246724
F01_seed_496,496,final,61,1500,0.8,1.64246724,0.69072305,0.95174419,2.3778955110879822,1.64246724
F01_seed_496,496,min_loss,61,1500,0.8,1.64246724,0.69072305,0.95174419,2.3778955110879822,1.64246724
F01_seed_496,496,min_loss_ema,61,1500,0.8,1.64246724,0.69072305,0.95174419,2.3778955110879822,1.64246724
F01_seed_497,497,oracle,24,575,0.8,0.75423409,0.75423409,0.0,1.0,2.20769522
F01_seed_497,497,lasso,30,725,0.8,1.07532299,0.75423409,0.3210889000000001,1.4257151781617299,2.20769522
F01_seed_497,497,final,61,1500,0.8,2.20769522,0.75423409,1.4534611300000002,2.9270689952505333,2.20769522
F01_seed_497,497,min_loss,60,1475,0.8,2.22967954,0.75423409,1.4754454499999998,2.9562168689564268,2.20769522
F01_seed_497,497,min_loss_ema,61,1500,0.8,2.20769522,0.75423409,1.4534611300000002,2.9270689952505333,2.20769522
F01_seed_498,498,oracle,25,600,0.8,1.13224434,1.13224434,0.0,1.0,1.72051426
F01_seed_498,498,lasso,29,700,0.8,1.19863079,1.13224434,0.06638644999999999,1.0586326181149204,1.72051426
F01_seed_498,498,final,61,1500,0.8,1.72051426,1.13224434,0.5882699200000001,1.5195609279883882,1.72051426
F01_seed_498,498,min_loss,61,1500,0.8,1.72051426,1.13224434,0.5882699200000001,1.5195609279883882,1.72051426
F01_seed_498,498,min_loss_ema,61,1500,0.8,1.72051426,1.13224434,0.5882699200000001,1.5195609279883882,1.72051426
F01_seed_499,499,oracle,25,600,0.8,0.70099534,0.70099534,0.0,1.0,1.86792559
F01_seed_499,499,lasso,28,675,0.8,0.73443608,0.70099534,0.03344074000000008,1.047704653785573,1.86792559
F01_seed_499,499,final,61,1500,0.8,1.86792559,0.70099534,1.16693025,2.664676187433714,1.86792559
F01_seed_499,499,min_loss,61,1500,0.8,1.86792559,0.70099534,1.16693025,2.664676187433714,1.86792559
F01_seed_499,499,min_loss_ema,61,1500,0.8,1.86792559,0.70099534,1.16693025,2.664676187433714,1.86792559
