Experiment,Configuration,Structure,Gate,Transport,Conditioner,Architecture,Reference,Active SKL,Zero JS,Joint SKL,PIP RMSE truth,PIP RMSE reference,Signal MSE,Signal R2,Expected structure density,Train time (s),MCMC reliable,Archive note
Gate ablation,relu vs matched,unit_group,relu,affine,full_attention,shallow stacked,matched,0.4424333729389925,0.1678996491908746,1.1003355151898122,0.2834936471951356,0.3825699831403399,0.0988824591040611,0.9604509472846984,,270.33908629999496,,Early shallow screening; single-chain reference.
Gate ablation,relu vs hard,unit_group,relu,affine,full_attention,shallow stacked,hard,0.7895487138903481,0.162312348072629,3.1613021157102805,0.2834936471951356,0.3657069974720199,0.0988824591040611,0.9604509472846984,,270.33908629999496,,Early shallow screening; single-chain reference.
Gate ablation,normalized_requ vs matched,unit_group,normalized_requ,affine,full_attention,shallow stacked,matched,0.1942601675132632,0.0482954034468655,0.4730617994766459,0.5455212113199632,0.2028444724413263,0.0503996536135673,0.9798421263694764,,269.17425409995485,,Early shallow screening; single-chain reference.
Gate ablation,normalized_requ vs hard,unit_group,normalized_requ,affine,full_attention,shallow stacked,hard,0.5665120852985929,0.0029380092058847,1.884166156807597,0.5455212113199632,0.0678689325096542,0.0503996536135673,0.9798421263694764,,269.17425409995485,,Early shallow screening; single-chain reference.
Gate ablation,smooth_step vs matched,unit_group,smooth_step,affine,full_attention,shallow stacked,matched,0.3193000347756056,0.0214180352468601,0.7771861748012155,0.5180712306237435,0.1326244924589723,0.0819082558155059,0.9672399163246156,,264.26707969995914,,Early shallow screening; single-chain reference.
Gate ablation,smooth_step vs hard,unit_group,smooth_step,affine,full_attention,shallow stacked,hard,0.6697027619022782,0.009264738934898,1.5053404808515063,0.5180712306237435,0.0978260088115629,0.0819082558155059,0.9672399163246156,,264.26707969995914,,Early shallow screening; single-chain reference.
Conditioner ablation,full_attention,unit_group,ReQU,affine,full_attention,shallow stacked,matched MCMC,1.1647286650004935,0.1900860900262028,2.4166566722561784,0.1390887486463229,0.37601904207101,0.0481241084635257,0.9807522296905518,,270.0315015999949,,Historical conditioner comparison; full attention retained.
Conditioner ablation,separate_attention,unit_group,ReQU,affine,separate_attention,shallow stacked,matched MCMC,1.3208426288782489,0.051474939423043,3.29594896437388,0.2943371943876615,0.2328202396700081,0.0714666470885276,0.971416175365448,,128.79525320004905,,Historical conditioner comparison; full attention retained.
Conditioner ablation,shared_attention,unit_group,ReQU,affine,shared_attention,shallow stacked,matched MCMC,1.6607779616233411,0.1206476044711974,4.132460921630571,0.2002644251982862,0.3228733497828522,0.0555319786071777,0.9777894020080566,,89.20279219996883,,Historical conditioner comparison; full attention retained.
Bounded transport,feature_group | normalized_requ | affine,feature_group,normalized_requ,affine,improved_separate_attention,shallow stacked,matched MCMC,0.3473411516334172,0.0299102611104021,0.8984493315925908,0.0591070779743565,0.1449141311834931,0.0896138921380043,0.9690411686897278,,229.58707500004675,True,Four-chain p=6 benchmark; strongest legacy posterior comparison.
Bounded transport,feature_group | normalized_requ | spline,feature_group,normalized_requ,spline,improved_separate_attention,shallow stacked,matched MCMC,0.2648454929254531,0.0255198259152603,0.569246242785535,0.0698359983580579,0.1334667702089175,0.1577546745538711,0.9455006122589112,,236.1157997000264,True,Four-chain p=6 benchmark; strongest legacy posterior comparison.
Bounded transport,feature_group | smooth_step | affine,feature_group,smooth_step,affine,improved_separate_attention,shallow stacked,matched MCMC,0.32009381909224,0.0342019029799477,0.7241556187787361,0.0299289157839037,0.1314161488047289,0.0556605160236358,0.980771005153656,,164.31223939999472,True,Four-chain p=6 benchmark; strongest legacy posterior comparison.
Bounded transport,feature_group | smooth_step | spline,feature_group,smooth_step,spline,improved_separate_attention,shallow stacked,matched MCMC,0.2644335516752498,0.0083846476141147,0.5384485804493322,0.0850879544941585,0.0756347638325128,0.0278720036149024,0.9903711080551147,,217.40556760004256,True,Four-chain p=6 benchmark; strongest legacy posterior comparison.
Bounded transport,unit_group | normalized_requ | affine,unit_group,normalized_requ,affine,improved_separate_attention,shallow stacked,matched MCMC,1.4309809436154088,0.1572508159408217,2.93159265908929,,,0.0606400221586227,0.9790507555007936,,217.61243820004165,True,Four-chain p=6 benchmark; strongest legacy posterior comparison.
Bounded transport,unit_group | normalized_requ | spline,unit_group,normalized_requ,spline,improved_separate_attention,shallow stacked,matched MCMC,0.6770132870550418,0.0853049220109407,1.4362821870258258,,,0.0617616958916187,0.9786632657051086,,310.3680554999737,True,Four-chain p=6 benchmark; strongest legacy posterior comparison.
Bounded transport,unit_group | smooth_step | affine,unit_group,smooth_step,affine,improved_separate_attention,shallow stacked,matched MCMC,1.3689751668926555,0.1104246967382249,3.609269788786273,,,0.0578536801040172,0.9800133109092712,,222.3215812999988,True,Four-chain p=6 benchmark; strongest legacy posterior comparison.
Bounded transport,unit_group | smooth_step | spline,unit_group,smooth_step,spline,improved_separate_attention,shallow stacked,matched MCMC,2.0297445926767907,0.0518424232516945,4.075725630054511,,,0.079274758696556,0.9726130366325378,,329.18860879994463,True,Four-chain p=6 benchmark; strongest legacy posterior comparison.
MLP structure ablation,stage1__embed_output__edge_group__normalized_requ__h5x5,edge_group,normalized_requ,spline,improved_separate_attention,embed_output,MCMC (legacy only),5.560337210109996,0.0333099101656033,11.48324808170122,,,2.9410560131073,,0.1430666595697403,1312.0938740998972,False,MLP MCMC structural metrics are not scientifically interpreted; retain function/sparsity ablation only.
MLP structure ablation,stage1__embed_output__feature_group__normalized_requ__h5x5,feature_group,normalized_requ,spline,improved_separate_attention,embed_output,MCMC (legacy only),0.0060042158105751,0.0057688405973674,0.0591747967016534,,,2.961785316467285,,0.2336333394050598,932.14701649989,False,MLP MCMC structural metrics are not scientifically interpreted; retain function/sparsity ablation only.
MLP structure ablation,stage1__embed_output__feature_unit_induced_edge__normalized_requ__h5x5,feature_unit_induced_edge,normalized_requ,spline,improved_separate_attention,embed_output,MCMC (legacy only),0.3267206932088947,0.0035654579606673,2.916294805635005,,,0.7771368622779846,,0.2885395884513855,956.2942926001268,False,MLP MCMC structural metrics are not scientifically interpreted; retain function/sparsity ablation only.
MLP structure ablation,stage1__stacked__edge_group__normalized_requ__h5x5,edge_group,normalized_requ,spline,improved_separate_attention,stacked,MCMC (legacy only),1.698175690505082,0.0360858519576276,2.295114297112232,,,0.1728839427232742,,0.4157933294773102,382.0464602999855,False,MLP MCMC structural metrics are not scientifically interpreted; retain function/sparsity ablation only.
MLP structure ablation,stage1__stacked__feature_group__normalized_requ__h5x5,feature_group,normalized_requ,spline,improved_separate_attention,stacked,MCMC (legacy only),0.947053201238835,0.0016239524018782,2.408178138579582,,,0.0743778869509697,,0.454233318567276,261.8581568999216,False,MLP MCMC structural metrics are not scientifically interpreted; retain function/sparsity ablation only.
MLP structure ablation,stage1__stacked__feature_unit_induced_edge__normalized_requ__h5x5,feature_unit_induced_edge,normalized_requ,spline,improved_separate_attention,stacked,MCMC (legacy only),6.175231214759391,0.0198796169020729,1.9338275112065968,,,0.0425364710390567,,0.2388433367013931,306.57611899997573,False,MLP MCMC structural metrics are not scientifically interpreted; retain function/sparsity ablation only.
