method,epoch,group_id,selection_type,block,layer,edge_layer,parameter,target,source,side,pip,gate_mean,margin_mean,margin_sd,slab_norm_mean,slab_norm_median
VI,2000,0,edge,hidden_layer_1,0,hidden_layer_1,W1,0,0,input,0.4528000056743622,0.1342289298772812,-0.162263885140419,0.9720267057418823,0.7935308814048767,0.6683372855186462
VI,2000,1,edge,hidden_layer_1,0,hidden_layer_1,W1,0,1,input,0.43299999833106995,0.1335945576429367,-0.1772494912147522,0.9738721251487732,0.7715320587158203,0.6576650142669678
VI,2000,2,edge,hidden_layer_1,0,hidden_layer_1,W1,0,2,input,0.4203999936580658,0.13341079652309418,-0.17579977214336395,0.9744952321052551,0.7795073390007019,0.6518340706825256
VI,2000,3,edge,hidden_layer_1,0,hidden_layer_1,W1,0,3,input,0.4228000044822693,0.13545700907707214,-0.1698945015668869,0.9697197675704956,0.7624880075454712,0.6393907070159912
VI,2000,4,edge,hidden_layer_1,0,hidden_layer_1,W1,0,4,input,0.428600013256073,0.14327438175678253,-0.15705446898937225,1.012732982635498,0.7686349153518677,0.6581224799156189
VI,2000,5,edge,hidden_layer_1,0,hidden_layer_1,W1,0,5,input,0.42739999294281006,0.13597558438777924,-0.1826367974281311,0.9818810820579529,0.7738875150680542,0.6544091701507568
VI,2000,6,edge,hidden_layer_1,0,hidden_layer_1,W1,1,0,input,0.436599999666214,0.13781677186489105,-0.1690738946199417,0.9845138788223267,0.7972545623779297,0.6751828193664551
VI,2000,7,edge,hidden_layer_1,0,hidden_layer_1,W1,1,1,input,0.4397999942302704,0.136935293674469,-0.17959274351596832,0.9964143633842468,0.7785363793373108,0.6662304401397705
VI,2000,8,edge,hidden_layer_1,0,hidden_layer_1,W1,1,2,input,0.42320001125335693,0.13452821969985962,-0.16761420667171478,0.9725629687309265,0.8102290034294128,0.6775721311569214
VI,2000,9,edge,hidden_layer_1,0,hidden_layer_1,W1,1,3,input,0.4415999948978424,0.1383821964263916,-0.15730039775371552,0.9691475629806519,0.8097013831138611,0.6915305256843567
VI,2000,10,edge,hidden_layer_1,0,hidden_layer_1,W1,1,4,input,0.43880000710487366,0.14029541611671448,-0.16973410546779633,0.9863352179527283,0.7974852323532104,0.6732428073883057
VI,2000,11,edge,hidden_layer_1,0,hidden_layer_1,W1,1,5,input,0.44279998540878296,0.14110204577445984,-0.13707169890403748,0.9839667677879333,0.7901321053504944,0.6704119443893433
VI,2000,12,edge,hidden_layer_1,0,hidden_layer_1,W1,2,0,input,0.45159998536109924,0.1473352611064911,-0.12209505587816238,0.9809176325798035,0.7720075249671936,0.6387170553207397
VI,2000,13,edge,hidden_layer_1,0,hidden_layer_1,W1,2,1,input,0.4341999888420105,0.13896404206752777,-0.16760098934173584,0.9909665584564209,0.7690070271492004,0.655755341053009
VI,2000,14,edge,hidden_layer_1,0,hidden_layer_1,W1,2,2,input,0.44200000166893005,0.14015957713127136,-0.16135366261005402,0.990215539932251,0.8217135667800903,0.7163225412368774
VI,2000,15,edge,hidden_layer_1,0,hidden_layer_1,W1,2,3,input,0.4323999881744385,0.1390395313501358,-0.16652706265449524,0.9819280505180359,0.7743844985961914,0.6434239149093628
VI,2000,16,edge,hidden_layer_1,0,hidden_layer_1,W1,2,4,input,0.41940000653266907,0.13253933191299438,-0.19031982123851776,0.9785215854644775,0.7961549758911133,0.6879047155380249
VI,2000,17,edge,hidden_layer_1,0,hidden_layer_1,W1,2,5,input,0.42559999227523804,0.13067841529846191,-0.17959658801555634,0.9713711738586426,0.7742121815681458,0.6595045924186707
VI,2000,18,edge,hidden_layer_1,0,hidden_layer_1,W1,3,0,input,0.188400000333786,0.008629396557807922,-0.6559039354324341,0.6942384839057922,0.7431944012641907,0.6309822201728821
VI,2000,19,edge,hidden_layer_1,0,hidden_layer_1,W1,3,1,input,0.1817999929189682,0.009148460812866688,-0.6622732281684875,0.6780183911323547,0.7322307229042053,0.6270095705986023
VI,2000,20,edge,hidden_layer_1,0,hidden_layer_1,W1,3,2,input,0.17579999566078186,0.007989386096596718,-0.6839790344238281,0.6897354125976562,0.74611496925354,0.6530585885047913
VI,2000,21,edge,hidden_layer_1,0,hidden_layer_1,W1,3,3,input,1.0,0.7449890375137329,1.7722105979919434,0.3433922529220581,2.1353042125701904,2.136423110961914
VI,2000,22,edge,hidden_layer_1,0,hidden_layer_1,W1,3,4,input,0.21860000491142273,0.011605557054281235,-0.6369917988777161,0.7199895977973938,0.7515760064125061,0.643174409866333
VI,2000,23,edge,hidden_layer_1,0,hidden_layer_1,W1,3,5,input,0.18459999561309814,0.009881975129246712,-0.6456595063209534,0.6969641447067261,0.7366642355918884,0.6224057674407959
VI,2000,24,edge,hidden_layer_1,0,hidden_layer_1,W1,4,0,input,1.0,0.7198039293289185,1.6676661968231201,0.3484312891960144,1.7275896072387695,1.7128245830535889
VI,2000,25,edge,hidden_layer_1,0,hidden_layer_1,W1,4,1,input,0.2021999955177307,0.010588287375867367,-0.6297962665557861,0.6873077750205994,0.7268435955047607,0.6041144728660583
VI,2000,26,edge,hidden_layer_1,0,hidden_layer_1,W1,4,2,input,0.2003999948501587,0.010615130886435509,-0.6453021764755249,0.6833968758583069,0.7472697496414185,0.6330291628837585
VI,2000,27,edge,hidden_layer_1,0,hidden_layer_1,W1,4,3,input,0.19499999284744263,0.010238416492938995,-0.6565555930137634,0.696946382522583,0.7442339062690735,0.6228225827217102
VI,2000,28,edge,hidden_layer_1,0,hidden_layer_1,W1,4,4,input,0.19280000030994415,0.011025887914001942,-0.6651954054832458,0.6985728740692139,0.7344722747802734,0.6241346597671509
VI,2000,29,edge,hidden_layer_1,0,hidden_layer_1,W1,4,5,input,0.2085999995470047,0.013436582870781422,-0.6298646330833435,0.7004032135009766,0.7543293237686157,0.6316599249839783
VI,2000,30,edge,hidden_layer_2,1,hidden_layer_2,W2,0,0,input,0.44359999895095825,0.13658283650875092,-0.1539487987756729,0.9678072333335876,0.7663575410842896,0.6565836071968079
VI,2000,31,edge,hidden_layer_2,1,hidden_layer_2,W2,0,1,input,0.438400000333786,0.13946650922298431,-0.15535202622413635,0.9821082353591919,0.7794291973114014,0.6535134315490723
VI,2000,32,edge,hidden_layer_2,1,hidden_layer_2,W2,0,2,input,0.4357999861240387,0.1342354416847229,-0.16157585382461548,0.9522857069969177,0.7967808842658997,0.6945809721946716
VI,2000,33,edge,hidden_layer_2,1,hidden_layer_2,W2,0,3,input,0.44359999895095825,0.14166754484176636,-0.14711666107177734,0.981424868106842,0.7819007039070129,0.6701314449310303
VI,2000,34,edge,hidden_layer_2,1,hidden_layer_2,W2,0,4,input,0.43700000643730164,0.13901185989379883,-0.1548280566930771,0.9807318449020386,0.7682823538780212,0.6584984660148621
VI,2000,35,edge,hidden_layer_2,1,hidden_layer_2,W2,1,0,input,0.43459999561309814,0.13634523749351501,-0.18447554111480713,0.9846969246864319,0.8073917031288147,0.6939188241958618
VI,2000,36,edge,hidden_layer_2,1,hidden_layer_2,W2,1,1,input,0.44999998807907104,0.14780031144618988,-0.12155568599700928,0.9908581972122192,0.7923662662506104,0.6825412511825562
VI,2000,37,edge,hidden_layer_2,1,hidden_layer_2,W2,1,2,input,0.430400013923645,0.1388467401266098,-0.16082802414894104,0.9834494590759277,0.7698309421539307,0.663325846195221
VI,2000,38,edge,hidden_layer_2,1,hidden_layer_2,W2,1,3,input,0.4350000023841858,0.13516651093959808,-0.1802688091993332,0.9921348094940186,0.7733851671218872,0.6494385004043579
VI,2000,39,edge,hidden_layer_2,1,hidden_layer_2,W2,1,4,input,0.446399986743927,0.14076769351959229,-0.14031881093978882,0.9805437922477722,0.7482647895812988,0.6256256699562073
VI,2000,40,edge,hidden_layer_2,1,hidden_layer_2,W2,2,0,input,0.436599999666214,0.13849183917045593,-0.1438058614730835,0.9698048830032349,0.7960106730461121,0.6864920854568481
VI,2000,41,edge,hidden_layer_2,1,hidden_layer_2,W2,2,1,input,0.44040000438690186,0.14186741411685944,-0.1399756520986557,0.9795024394989014,0.8049647212028503,0.6872671246528625
VI,2000,42,edge,hidden_layer_2,1,hidden_layer_2,W2,2,2,input,0.4296000003814697,0.13899652659893036,-0.15842004120349884,0.9847307801246643,0.7841166853904724,0.6787523031234741
VI,2000,43,edge,hidden_layer_2,1,hidden_layer_2,W2,2,3,input,0.42800000309944153,0.13343416154384613,-0.17899587750434875,0.9747119545936584,0.7913708090782166,0.6664621829986572
VI,2000,44,edge,hidden_layer_2,1,hidden_layer_2,W2,2,4,input,0.42500001192092896,0.1301659196615219,-0.18608447909355164,0.9625670909881592,0.7703731656074524,0.652201771736145
VI,2000,45,edge,hidden_layer_2,1,hidden_layer_2,W2,3,0,input,0.4537999927997589,0.14545635879039764,-0.1310780942440033,0.9816977381706238,0.7681705355644226,0.6524190902709961
VI,2000,46,edge,hidden_layer_2,1,hidden_layer_2,W2,3,1,input,0.42660000920295715,0.13812902569770813,-0.16120320558547974,0.9723339676856995,0.7797648310661316,0.6622896194458008
VI,2000,47,edge,hidden_layer_2,1,hidden_layer_2,W2,3,2,input,0.4277999997138977,0.13551028072834015,-0.17886608839035034,0.9772672057151794,0.7932336926460266,0.6624783277511597
VI,2000,48,edge,hidden_layer_2,1,hidden_layer_2,W2,3,3,input,0.4392000138759613,0.13822579383850098,-0.15589334070682526,0.9714094996452332,0.8053591251373291,0.6971585154533386
VI,2000,49,edge,hidden_layer_2,1,hidden_layer_2,W2,3,4,input,0.4196000099182129,0.13087402284145355,-0.17916323244571686,0.959160566329956,0.7761495113372803,0.6498544216156006
VI,2000,50,edge,hidden_layer_2,1,hidden_layer_2,W2,4,0,input,0.20819999277591705,0.013754504732787609,-0.6379356980323792,0.706781804561615,0.7479708194732666,0.6262452602386475
VI,2000,51,edge,hidden_layer_2,1,hidden_layer_2,W2,4,1,input,0.23800000548362732,0.01647329516708851,-0.6087822914123535,0.7122095227241516,0.7287639379501343,0.6093704104423523
VI,2000,52,edge,hidden_layer_2,1,hidden_layer_2,W2,4,2,input,0.21379999816417694,0.014436358585953712,-0.6313759088516235,0.7069054841995239,0.7423640489578247,0.6425131559371948
VI,2000,53,edge,hidden_layer_2,1,hidden_layer_2,W2,4,3,input,1.0,0.6859201192855835,1.5488685369491577,0.3690248727798462,1.620450496673584,1.5943195819854736
VI,2000,54,edge,hidden_layer_2,1,hidden_layer_2,W2,4,4,input,1.0,0.6997437477111816,1.5978333950042725,0.3665197789669037,1.218083381652832,1.2094131708145142
VI,2000,55,edge,output,2,output,W3,0,0,output,0.20900000631809235,0.015554489567875862,-0.6413384079933167,0.727144718170166,0.7370952367782593,0.618219256401062
VI,2000,56,edge,output,2,output,W3,0,1,output,0.19900000095367432,0.01437064167112112,-0.6209262013435364,0.6865730881690979,0.7233905792236328,0.6268343925476074
VI,2000,57,edge,output,2,output,W3,0,2,output,0.21580000221729279,0.015378084033727646,-0.6094871759414673,0.7019345164299011,0.7621120810508728,0.6642146110534668
VI,2000,58,edge,output,2,output,W3,0,3,output,0.18119999766349792,0.012010583654046059,-0.7284532189369202,0.7433825731277466,0.7106075882911682,0.6057641506195068
VI,2000,59,edge,output,2,output,W3,0,4,output,1.0,0.7042413353919983,1.602570652961731,0.33282390236854553,1.1496142148971558,1.1364368200302124
MCMC,,0,edge,hidden_layer_1,0,hidden_layer_1,W1,0,0,input,0.7506999969482422,0.41164204478263855,0.8310127854347229,1.1625349521636963,1.0862374305725098,0.9897809028625488
MCMC,,1,edge,hidden_layer_1,0,hidden_layer_1,W1,0,1,input,0.5906999707221985,0.22402895987033844,0.2546447813510895,1.0118712186813354,0.7313628196716309,0.5894663333892822
MCMC,,2,edge,hidden_layer_1,0,hidden_layer_1,W1,0,2,input,0.5760499835014343,0.22056885063648224,0.2312656193971634,1.035876989364624,0.711037814617157,0.5729139447212219
MCMC,,3,edge,hidden_layer_1,0,hidden_layer_1,W1,0,3,input,0.6547499895095825,0.28798946738243103,0.44995683431625366,1.0850422382354736,0.8233230710029602,0.6674752831459045
MCMC,,4,edge,hidden_layer_1,0,hidden_layer_1,W1,0,4,input,0.5956000089645386,0.2237825244665146,0.2561761736869812,1.0175063610076904,0.717945396900177,0.5819581747055054
MCMC,,5,edge,hidden_layer_1,0,hidden_layer_1,W1,0,5,input,0.6175500154495239,0.24030883610248566,0.30404263734817505,1.0269180536270142,0.724743664264679,0.5877001285552979
MCMC,,6,edge,hidden_layer_1,0,hidden_layer_1,W1,1,0,input,0.7338500022888184,0.3736431300640106,0.7216090559959412,1.0961329936981201,1.0147831439971924,0.8881596326828003
MCMC,,7,edge,hidden_layer_1,0,hidden_layer_1,W1,1,1,input,0.5697000026702881,0.21450044214725494,0.20828622579574585,1.0441014766693115,0.715507984161377,0.57062166929245
MCMC,,8,edge,hidden_layer_1,0,hidden_layer_1,W1,1,2,input,0.5751000046730042,0.21184846758842468,0.20778989791870117,1.0307143926620483,0.7244541049003601,0.5887203216552734
MCMC,,9,edge,hidden_layer_1,0,hidden_layer_1,W1,1,3,input,0.6877999901771545,0.34607940912246704,0.6307773590087891,1.1801451444625854,1.0037317276000977,0.8056843876838684
MCMC,,10,edge,hidden_layer_1,0,hidden_layer_1,W1,1,4,input,0.588949978351593,0.22257724404335022,0.24174931645393372,1.03341543674469,0.7130380272865295,0.5703784823417664
MCMC,,11,edge,hidden_layer_1,0,hidden_layer_1,W1,1,5,input,0.5976999998092651,0.22447292506694794,0.2532646656036377,1.018945336341858,0.7224046587944031,0.5782046914100647
MCMC,,12,edge,hidden_layer_1,0,hidden_layer_1,W1,2,0,input,0.6035000085830688,0.24990956485271454,0.3288387358188629,1.0923393964767456,0.77614825963974,0.597866952419281
MCMC,,13,edge,hidden_layer_1,0,hidden_layer_1,W1,2,1,input,0.5244500041007996,0.174424409866333,0.08726919442415237,0.9829438924789429,0.6976826190948486,0.5458909869194031
MCMC,,14,edge,hidden_layer_1,0,hidden_layer_1,W1,2,2,input,0.5151000022888184,0.1686474084854126,0.07227826863527298,0.9679118394851685,0.6922221779823303,0.5473988652229309
MCMC,,15,edge,hidden_layer_1,0,hidden_layer_1,W1,2,3,input,0.8650000095367432,0.5506544709205627,1.282731294631958,1.065871238708496,1.61546790599823,1.6928765773773193
MCMC,,16,edge,hidden_layer_1,0,hidden_layer_1,W1,2,4,input,0.590499997138977,0.20735050737857819,0.20957377552986145,0.9903208017349243,0.6876526474952698,0.5397725105285645
MCMC,,17,edge,hidden_layer_1,0,hidden_layer_1,W1,2,5,input,0.5316500067710876,0.1783241629600525,0.10309097915887833,0.9894993901252747,0.6916794180870056,0.539283037185669
MCMC,,18,edge,hidden_layer_1,0,hidden_layer_1,W1,3,0,input,0.6876500248908997,0.3317868709564209,0.5874875783920288,1.143922209739685,0.9473162889480591,0.7723518013954163
MCMC,,19,edge,hidden_layer_1,0,hidden_layer_1,W1,3,1,input,0.5960999727249146,0.23285283148288727,0.27574026584625244,1.0432300567626953,0.73201984167099,0.5963769555091858
MCMC,,20,edge,hidden_layer_1,0,hidden_layer_1,W1,3,2,input,0.5939000248908997,0.22760801017284393,0.2556561529636383,1.0389281511306763,0.7332307696342468,0.6019061803817749
MCMC,,21,edge,hidden_layer_1,0,hidden_layer_1,W1,3,3,input,0.6940500140190125,0.3305427134037018,0.5831799507141113,1.102097511291504,0.9233580827713013,0.7592196464538574
MCMC,,22,edge,hidden_layer_1,0,hidden_layer_1,W1,3,4,input,0.6153500080108643,0.23979413509368896,0.3060910701751709,1.0371265411376953,0.7298741936683655,0.6033790111541748
MCMC,,23,edge,hidden_layer_1,0,hidden_layer_1,W1,3,5,input,0.6140999794006348,0.2415246069431305,0.29941287636756897,1.0352145433425903,0.7355822324752808,0.6041156649589539
MCMC,,24,edge,hidden_layer_1,0,hidden_layer_1,W1,4,0,input,0.7363499999046326,0.39238494634628296,0.7696999311447144,1.156103491783142,1.0607558488845825,0.9198346138000488
MCMC,,25,edge,hidden_layer_1,0,hidden_layer_1,W1,4,1,input,0.5925999879837036,0.22722658514976501,0.25990262627601624,1.028552770614624,0.7268364429473877,0.5939303040504456
MCMC,,26,edge,hidden_layer_1,0,hidden_layer_1,W1,4,2,input,0.588450014591217,0.22592025995254517,0.2527799904346466,1.0359745025634766,0.7185821533203125,0.5815125703811646
MCMC,,27,edge,hidden_layer_1,0,hidden_layer_1,W1,4,3,input,0.6625999808311462,0.2911013066768646,0.4642898440361023,1.0811349153518677,0.8279566168785095,0.6804792881011963
MCMC,,28,edge,hidden_layer_1,0,hidden_layer_1,W1,4,4,input,0.5926499962806702,0.23310546576976776,0.2690848708152771,1.043966293334961,0.7232407331466675,0.5885492563247681
MCMC,,29,edge,hidden_layer_1,0,hidden_layer_1,W1,4,5,input,0.6194999814033508,0.2474512755870819,0.31845545768737793,1.0433119535446167,0.7191078662872314,0.5817871689796448
MCMC,,30,edge,hidden_layer_2,1,hidden_layer_2,W2,0,0,input,0.6723499894142151,0.2990831434726715,0.477384477853775,1.0708210468292236,0.7887722253799438,0.6769436597824097
MCMC,,31,edge,hidden_layer_2,1,hidden_layer_2,W2,0,1,input,0.662850022315979,0.2984378933906555,0.46959438920021057,1.0984482765197754,0.8362873196601868,0.7091385126113892
MCMC,,32,edge,hidden_layer_2,1,hidden_layer_2,W2,0,2,input,0.7219499945640564,0.34649786353111267,0.6312856078147888,1.0712471008300781,0.9531421661376953,0.8200885057449341
MCMC,,33,edge,hidden_layer_2,1,hidden_layer_2,W2,0,3,input,0.6695500016212463,0.29955896735191345,0.4752737879753113,1.0852800607681274,0.8212954998016357,0.6997048258781433
MCMC,,34,edge,hidden_layer_2,1,hidden_layer_2,W2,0,4,input,0.6675000190734863,0.29306891560554504,0.45998695492744446,1.055106282234192,0.7981374859809875,0.669266402721405
MCMC,,35,edge,hidden_layer_2,1,hidden_layer_2,W2,1,0,input,0.6930999755859375,0.3305904269218445,0.573294460773468,1.100876808166504,0.8421270251274109,0.7318324446678162
MCMC,,36,edge,hidden_layer_2,1,hidden_layer_2,W2,1,1,input,0.6550999879837036,0.2840520441532135,0.43301206827163696,1.0718517303466797,0.7867891788482666,0.6693539619445801
MCMC,,37,edge,hidden_layer_2,1,hidden_layer_2,W2,1,2,input,0.6884999871253967,0.31297463178634644,0.521779477596283,1.0836797952651978,0.8459838032722473,0.7258657813072205
MCMC,,38,edge,hidden_layer_2,1,hidden_layer_2,W2,1,3,input,0.6761999726295471,0.3165925145149231,0.5247361063957214,1.1083636283874512,0.8528779149055481,0.7146741151809692
MCMC,,39,edge,hidden_layer_2,1,hidden_layer_2,W2,1,4,input,0.660099983215332,0.28915122151374817,0.44409647583961487,1.0845500230789185,0.804608941078186,0.6770569086074829
MCMC,,40,edge,hidden_layer_2,1,hidden_layer_2,W2,2,0,input,0.6747000217437744,0.30223456025123596,0.4956660270690918,1.0732064247131348,0.7968906760215759,0.6756266951560974
MCMC,,41,edge,hidden_layer_2,1,hidden_layer_2,W2,2,1,input,0.6956999897956848,0.3261042833328247,0.5650559663772583,1.0969516038894653,0.8377359509468079,0.7229101061820984
MCMC,,42,edge,hidden_layer_2,1,hidden_layer_2,W2,2,2,input,0.6920499801635742,0.3222317695617676,0.5548702478408813,1.0934340953826904,0.8372153043746948,0.7109096050262451
MCMC,,43,edge,hidden_layer_2,1,hidden_layer_2,W2,2,3,input,0.6697499752044678,0.2955307960510254,0.4708370566368103,1.0593262910842896,0.824023425579071,0.6946446895599365
MCMC,,44,edge,hidden_layer_2,1,hidden_layer_2,W2,2,4,input,0.6643499732017517,0.288292795419693,0.4545154273509979,1.0595507621765137,0.8157943487167358,0.6820630431175232
MCMC,,45,edge,hidden_layer_2,1,hidden_layer_2,W2,3,0,input,0.6888999938964844,0.32416850328445435,0.5571237206459045,1.0797702074050903,0.8408219814300537,0.7364543676376343
MCMC,,46,edge,hidden_layer_2,1,hidden_layer_2,W2,3,1,input,0.715749979019165,0.34560585021972656,0.6302632689476013,1.0839289426803589,0.8947259783744812,0.7844607830047607
MCMC,,47,edge,hidden_layer_2,1,hidden_layer_2,W2,3,2,input,0.7296500205993652,0.36852699518203735,0.6860120892524719,1.0743913650512695,0.9479085803031921,0.8260025382041931
MCMC,,48,edge,hidden_layer_2,1,hidden_layer_2,W2,3,3,input,0.6394000053405762,0.2682378888130188,0.38268592953681946,1.0671820640563965,0.7964309453964233,0.6640605330467224
MCMC,,49,edge,hidden_layer_2,1,hidden_layer_2,W2,3,4,input,0.6848999857902527,0.3202614188194275,0.5369985103607178,1.0889029502868652,0.8454710841178894,0.727733850479126
MCMC,,50,edge,hidden_layer_2,1,hidden_layer_2,W2,4,0,input,0.6577000021934509,0.2847095727920532,0.4329659044742584,1.078244686126709,0.7736287713050842,0.6552935242652893
MCMC,,51,edge,hidden_layer_2,1,hidden_layer_2,W2,4,1,input,0.6820499897003174,0.30860117077827454,0.5088556408882141,1.0792477130889893,0.8407880663871765,0.7122533917427063
MCMC,,52,edge,hidden_layer_2,1,hidden_layer_2,W2,4,2,input,0.703000009059906,0.3380845785140991,0.5901463627815247,1.0979456901550293,0.9260680675506592,0.8082730174064636
MCMC,,53,edge,hidden_layer_2,1,hidden_layer_2,W2,4,3,input,0.6646999716758728,0.29709938168525696,0.4704104959964752,1.0882880687713623,0.8167133331298828,0.69786536693573
MCMC,,54,edge,hidden_layer_2,1,hidden_layer_2,W2,4,4,input,0.6723999977111816,0.30008742213249207,0.48602089285850525,1.060389518737793,0.8118017911911011,0.6783546805381775
MCMC,,55,edge,output,2,output,W3,0,0,output,0.7098000049591064,0.34964272379875183,0.6292542815208435,1.1044502258300781,0.891537606716156,0.7817501425743103
MCMC,,56,edge,output,2,output,W3,0,1,output,0.7193499803543091,0.3536830246448517,0.6404150128364563,1.0818445682525635,0.9258198142051697,0.7923385500907898
MCMC,,57,edge,output,2,output,W3,0,2,output,0.7060999870300293,0.34228143095970154,0.6048178672790527,1.097118616104126,0.8721636533737183,0.7648454904556274
MCMC,,58,edge,output,2,output,W3,0,3,output,0.8001000285148621,0.4362768530845642,0.9008471965789795,1.05788254737854,1.1081329584121704,1.0870057344436646
MCMC,,59,edge,output,2,output,W3,0,4,output,0.7038499712944031,0.3306659162044525,0.575924813747406,1.0827341079711914,0.8641326427459717,0.7503386735916138
